-- phpMyAdmin SQL Dump
-- version 4.7.5
-- https://www.phpmyadmin.net/
--
-- Host: localhost
-- Generation Time: 2018-09-28 11:32:26
-- 服务器版本： 5.7.11-log
-- PHP Version: 7.1.11

SET SQL_MODE = "NO_AUTO_VALUE_ON_ZERO";
SET AUTOCOMMIT = 0;
START TRANSACTION;
SET time_zone = "+00:00";


/*!40101 SET @OLD_CHARACTER_SET_CLIENT=@@CHARACTER_SET_CLIENT */;
/*!40101 SET @OLD_CHARACTER_SET_RESULTS=@@CHARACTER_SET_RESULTS */;
/*!40101 SET @OLD_COLLATION_CONNECTION=@@COLLATION_CONNECTION */;
/*!40101 SET NAMES utf8mb4 */;

--
-- Database: `brandui`
--

-- --------------------------------------------------------

--
-- 表的结构 `columns`
--

CREATE TABLE `columns` (
  `id` int(11) NOT NULL,
  `name` varchar(50) NOT NULL,
  `workline_id` int(11) NOT NULL,
  `sort` int(11) NOT NULL
) ENGINE=InnoDB DEFAULT CHARSET=utf8;

--
-- 转存表中的数据 `columns`
--

INSERT INTO `columns` (`id`, `name`, `workline_id`, `sort`) VALUES
(26, '赛事', 2, 1),
(29, '电视', 8, 1),
(30, '2018世界杯', 2, 2),
(31, '运动&amp;舞蹈', 2, 3),
(33, '视频', 8, 2),
(34, '酷燃', 8, 3),
(35, '综合', 8, 4),
(38, '职能线', 9, 1),
(39, '日常需求', 10, 1),
(40, '日常需求', 11, 1),
(41, '日常需求', 12, 1);

-- --------------------------------------------------------

--
-- 表的结构 `global`
--

CREATE TABLE `global` (
  `id` int(11) NOT NULL,
  `main_notice` text NOT NULL,
  `work_notice` text NOT NULL
) ENGINE=InnoDB DEFAULT CHARSET=utf8;

--
-- 转存表中的数据 `global`
--

INSERT INTO `global` (`id`, `main_notice`, `work_notice`) VALUES
(1, '我们会在每个工作日上午12点分配需求，请于12点之前提交。之后提交的需求将会在下一工作日分配~ 需求提交之后暂不支持修改。', '注：为更合理的管理设计需求，需求截止时间改为运营同学与设计同学对接时再填写。需求列表增加“待对接”状态。');

-- --------------------------------------------------------

--
-- 表的结构 `projects`
--

CREATE TABLE `projects` (
  `id` int(11) NOT NULL,
  `title` varchar(100) CHARACTER SET utf8 COLLATE utf8_unicode_ci NOT NULL,
  `source_intro` text CHARACTER SET utf8 COLLATE utf8_unicode_ci NOT NULL,
  `others` text CHARACTER SET utf8 COLLATE utf8_unicode_ci NOT NULL,
  `deadline` datetime DEFAULT NULL,
  `interfacer` varchar(50) CHARACTER SET utf8 COLLATE utf8_unicode_ci NOT NULL,
  `contact` varchar(50) CHARACTER SET utf8 COLLATE utf8_unicode_ci NOT NULL,
  `column_id` int(11) NOT NULL,
  `worker` int(11) NOT NULL DEFAULT '0',
  `add_date` datetime NOT NULL DEFAULT CURRENT_TIMESTAMP,
  `add_uid` int(11) NOT NULL,
  `is_finished` int(11) NOT NULL DEFAULT '0',
  `is_set_deadline` int(11) NOT NULL DEFAULT '0',
  `read_uid` varchar(100) CHARACTER SET utf8 NOT NULL DEFAULT 'null',
  `status` int(11) NOT NULL DEFAULT '0' COMMENT '0=待分配;1=待对接(设置了worker);2=已对接(设置了deadline);3=已完成;'
) ENGINE=InnoDB DEFAULT CHARSET=latin1;

--
-- 转存表中的数据 `projects`
--

INSERT INTO `projects` (`id`, `title`, `source_intro`, `others`, `deadline`, `interfacer`, `contact`, `column_id`, `worker`, `add_date`, `add_uid`, `is_finished`, `is_set_deadline`, `read_uid`, `status`) VALUES
(35, '世界杯倒计时50天 话题页包装', '话题套图: 1920x1080,920x300,640x640,640x320,180x180\r\n发现广场banner: 640x172,612x164,750x346\r\n移动趋势: 320x180\r\n常用单图资源: PCtips-600x80\r\n', '', '2018-04-23 00:00:00', '李谆', '199511234', 30, 10019, '2018-04-20 14:19:13', 10001, 1, 1, '10000|10003|', 3),
(37, '#体育汪技能大赛#', '话题套图: 1920x1080,920x300,640x640,640x320,180x180\r\n发现广场banner: 640x172,612x164,750x346\r\n常用单图资源: PCtips-600x80\r\n', '', '2018-04-24 00:00:00', '张昊', '3372737588', 26, 10008, '2018-04-20 14:35:54', 10001, 1, 1, 'null', 3),
(39, '世界杯倒计时50天', '常规PR/海报/微博配图: 750x高度不限\r\n', '', '2018-04-24 00:00:00', '李赞', 'qq：917581364', 30, 10019, '2018-04-20 14:51:59', 10001, 1, 1, '10000|10003|', 3),
(40, 'NBA最强预测一轮结果PR图', '常规PR/海报/微博配图: 750x高度不限\r\n', '赛果未出，时间待定。最早结束时间4月25日。', '2018-05-29 00:00:00', '房宸', 'qq：895119483', 26, 10004, '2018-04-20 15:36:50', 10001, 1, 1, '10000|10008|10003|', 3),
(42, '王猛球评节目', '发现广场banner: 640x172,612x164,750x346\r\n移动趋势: 320x180\r\n', '与#豪说NBA类似#，文案待定', '2018-04-25 00:00:00', '房宸', 'qq：895119483', 26, 10008, '2018-04-20 17:00:20', 10001, 1, 1, 'null', 3),
(43, '豪说NBA节目PR', '常规PR/海报/微博配图: 750x高度不限\r\n', '与NBA全明星和冬奥会类似，本次仅一期节目数据，内容简单，愿周一当天可出。', '2018-04-23 00:00:00', '房宸', 'qq：895119483', 26, 10008, '2018-04-22 23:15:09', 10001, 1, 1, 'null', 3),
(45, 'NBA季后赛快速PR模版', '常规PR/海报/微博配图: 750x高度不限\r\n', '', '2018-04-25 00:00:00', '沈忱', '15652291893', 26, 10008, '2018-04-23 14:27:05', 10001, 1, 1, 'null', 3),
(46, 'NBA快速海报模版', '常规PR/海报/微博配图: 750x高度不限\r\n', '', '2018-04-26 00:00:00', '沈忱', '15652291893', 26, 10008, '2018-04-23 14:28:48', 10001, 1, 1, '10000|10008|10003|', 3),
(47, '中超联赛', '中超联赛第七轮PR', '', '2018-04-25 00:00:00', '李谆', 'QQ：199511234', 26, 10008, '2018-04-23 14:45:17', 10001, 1, 1, 'null', 3),
(49, '世界杯发现页', '发现广场banner: 640x172,612x164,750x346\r\n', '', '2018-05-02 00:00:00', '李谆', '199511234', 30, 10008, '2018-04-27 14:47:41', 10001, 1, 1, '10000|10003|', 3),
(50, '世界杯通用推广素材', '常用单图资源: PCtips-600x80\r\n移动趋势: 320x180\r\n', '', '2018-05-02 00:00:00', '李谆', '199511234', 30, 10019, '2018-04-28 12:00:21', 10001, 1, 1, '10000|10003|', 3),
(51, 'C5&amp;微博发布会', '常用单图资源: PCtips-600x80\r\n移动趋势: 320x180\r\n客户端开机: 720x1184,720x1280,640x960,750x1334\r\n话题套图: 1920x1080,920x300,640x640,640x320,180x180\r\n发现广场banner: 640x172,612x164,750x346\r\n客户端开机: 720x1184,720x1280,640x960,750x1334\r\n', '', '2018-05-08 00:00:00', '李谆', '199511234', 30, 10019, '2018-04-28 12:02:42', 10001, 1, 1, '10000|10003|', 3),
(52, '运动员势力榜发榜图', '常规PR/海报/微博配图: 750x高度不限\r\n', '已有模板，替换数据即可\r\n30日中午给数据。', '2018-04-30 00:00:00', '张昊', '3372737588', 26, 10008, '2018-04-28 16:15:05', 10001, 1, 1, '10000|10008|10003|', 3),
(53, '#体育汪技能大赛#话题活动宣传图4张', '尺寸待定。话题为#体育汪技能大赛#', '已有大体设计图。之前相关内容是和天妍对接的，希望继续沟通。谢谢~', '2018-05-06 00:00:00', '苏龙伟', '18500176029', 26, 10008, '2018-04-28 17:49:34', 10001, 1, 1, '10000|10008|10003|', 3),
(54, '中超pr', '常规PR/海报/微博配图: 750x高度不限\r\n', '', '2018-05-03 00:00:00', '李谆', '199511234', 26, 10008, '2018-05-02 14:08:49', 10001, 1, 1, '10000|10008|10003|', 3),
(55, '#体育汪技能大赛#推广图', '1.发现广场banner: 640x172,612x164,750x346 文案内容：#体育汪技能大赛#（体现话题词 再加个按钮 引导网友参与）\r\n2. PCtips-600x80 文案内容：#体育汪技能大赛#\r\n', '希望可以继续和天妍沟通~', '2018-05-04 00:00:00', '苏龙伟', '18500176029', 26, 10008, '2018-05-03 11:53:44', 10001, 1, 1, '10000|10008|10003|', 3),
(57, '中超pr', '常规PR/海报/微博配图: 750x高度不限\r\n', '', '2018-05-09 00:00:00', '李谆', '199511234', 26, 10008, '2018-05-07 10:59:25', 10001, 1, 1, '10000|10008|10003|', 3),
(58, '中超2018', '话题套图: 1920x1080,920x300,640x640,640x320,180x180\r\n发现广场banner: 640x172,612x164,750x346\r\n移动趋势: 320x180\r\n常用单图资源: PCtips-600x80\r\n', '', '2018-05-10 00:00:00', '李佳悦', '17600466040', 26, 10008, '2018-05-08 11:56:02', 10001, 1, 1, '10000|10008|10003|', 3),
(59, 'NBA猛啊 十期总结', '常规PR/海报/微博配图: 750x高度不限\r\n', '', '2018-05-11 00:00:00', '高鸽', '870350757', 26, 10008, '2018-05-08 12:01:47', 10001, 1, 1, '10000|10008|10003|', 3),
(60, 'NBA红包素材', '移动趋势: 320x180\r\n常用单图资源: 找人页-640x172, PCtips-600x80, 粉服-698x349\r\n红包分享card:510x172\r\n红包私信图片:698x349\r\n红包移动端背景图:750x1334', '已有益成设计的“NBA季后赛”主视觉，修改文字及尺寸即可。计划在下周一东西部决赛开始上线，分配设计老师后沟通交付时间~感恩~', '2018-05-09 00:00:00', '王晨昊', '18810533137 chenhao17', 26, 10008, '2018-05-09 18:29:59', 10001, 1, 1, '10000|10008|10003|', 3),
(61, '世界杯倒计时30天', '发现广场banner: 640x172,612x164,750x346\r\n移动趋势: 320x180\r\n话题套图: 1920x1080,920x300,640x640,640x320,180x180\r\n常用单图资源: PCtips-600x80\r\n', '', '2018-05-14 00:00:00', '李谆', '199511234', 30, 10019, '2018-05-10 10:49:44', 10001, 1, 1, '10000|10003|10008|', 3),
(62, 'NBA东西部决赛开机页', '客户端开机: 720x1184,720x1280,640x960,750x1334\r\n', '望有机会继续与樊亦楠设计师合作', '2018-05-18 00:00:00', '沈忱', 'QQ：289515451', 26, 10004, '2018-05-11 16:23:26', 10001, 1, 1, '10000|10003|10008|', 3),
(63, 'NBA东西部决赛PR', '常规PR/海报/微博配图: 750x高度不限\r\n', '望继续樊亦楠设计师合作，感谢。', '2018-05-31 00:00:00', '沈忱', 'QQ：289515451', 26, 10004, '2018-05-11 16:25:38', 10001, 1, 1, '10000|10003|10008|', 3),
(64, 'NBA明星战队素材', '发现广场banner: 640x172,612x164,750x346\r\n移动趋势: 320x180\r\n常用单图资源: PCtips-600x80\r\n', '愿继续与樊亦楠设计师保持合作', '2018-05-17 00:00:00', '房宸', 'qq：895119483', 26, 10004, '2018-05-11 16:44:38', 10001, 1, 1, '10000|10003|10008|', 3),
(65, 'NBA明星战队单人海报', '常规PR/海报/微博配图: 750x高度不限\r\n', '与NBA明星战队套图为同一系列，愿安排同一设计师', '2018-05-18 00:00:00', '房宸', 'QQ：895119483', 26, 10004, '2018-05-11 17:04:25', 10001, 1, 1, '10000|10003|10008|', 3),
(66, '#寻找射手王#', '常规PR/海报/微博配图: 750x高度不限\r\n', '世界杯倒计时30天微博活动\r\n', '2018-05-14 00:00:00', '李佳悦', '17600466040', 30, 10019, '2018-05-11 18:10:42', 10001, 1, 1, '10000|10003|10008|', 3),
(67, 'NBA明星战队开机页', '客户端开机: 720x1184,720x1280,640x960,750x1334\r\n', '与NBA东西部决赛模板相同，素材换为明星。与之前已分配对接的NBA明星战队发现页等素材为一套，愿分配樊亦楠设计师', '2018-05-31 00:00:00', '沈忱', 'QQ：289515451', 26, 10004, '2018-05-14 11:12:36', 10001, 1, 1, '10000|10003|10008|', 3),
(69, '世界杯倒计时30天 央视主持人', '常用单图资源: PCtips-600x80\r\n移动趋势: 320x180\r\n', '', '2018-05-15 00:00:00', '李谆', '199511234', 30, 10019, '2018-05-14 16:49:00', 10001, 1, 1, '10000|10003|10008|', 3),
(70, '中超pr', '常规PR/海报/微博配图: 750x高度不限\r\n', '', '2018-05-16 00:00:00', '李谆', '199511234', 26, 10008, '2018-05-14 16:54:17', 10001, 1, 1, '10000|10003|10008|', 3),
(79, '示例需求', '常规PR/海报/微博配图: 750x高度不限\r\n', '每日一张图片，更新具体数据', '2018-05-17 00:00:00', '贺彦翔', 'yanxiang1@staff.weibo.com', 31, 10003, '2018-05-16 15:38:57', 10003, 1, 1, 'null', 3),
(80, 'MCN机构秀', '常规PR\r\n', '', '2018-05-23 00:00:00', '安娜', '18911036255', 26, 10008, '2018-05-18 11:12:32', 10001, 1, 1, 'null', 3),
(81, '舞蹈红人周主banner', '已有模版\r\n每天2张，从5月21日-5月29日', '已有模版', '2018-05-29 00:00:00', '潘潘', '13436976086', 31, 10008, '2018-05-18 11:21:17', 10001, 1, 1, 'null', 3),
(82, '舞蹈红人周机构推荐位 banner', '已有模版\r\n每天2个，从5月21日-5月29日', '已有模版', '2018-05-29 00:00:00', '潘潘', '13436976086', 31, 10008, '2018-05-18 11:26:29', 10001, 1, 1, 'null', 3),
(83, '舞蹈红人周每日pr图', '已有模版\r\n每天1张，从5月21日-5月31日', '已有模版', '2018-05-31 00:00:00', '潘潘', '13436976086', 31, 10008, '2018-05-18 11:28:07', 10001, 1, 1, 'null', 3),
(84, '找人页', '640-172', '', '2018-05-21 00:00:00', '潘潘', '13436976086', 31, 10025, '2018-05-18 11:28:55', 10001, 1, 1, 'null', 3),
(85, '认证说明易拉宝、红人签约易拉宝', '宽440', '', '2018-05-30 00:00:00', '潘潘', '13436976086', 31, 10025, '2018-05-18 11:31:15', 10001, 1, 1, 'null', 3),
(86, '微博有街舞pr', '宽440', '已有模版', '2018-05-21 00:00:00', '潘潘', '13436976086', 31, 10025, '2018-05-18 11:31:52', 10001, 1, 1, 'null', 3),
(87, 'NBA总决赛夺冠动态卡片', '动态卡片', '', '2018-06-07 00:00:00', '沈忱', '15652291893', 26, 10004, '2018-05-18 14:36:45', 10001, 1, 1, 'null', 3),
(88, '内马尔', '话题套图: 1920x1080,920x300,640x640,640x320,180x180\r\n发现广场banner: 640x172,612x164,750x346\r\n移动趋势: 320x180\r\n常用单图资源: PCtips：600x80\r\n', '已有内马尔肖像授权\r\n可使用', '2018-05-24 00:00:00', '李佳悦', '17600466040', 30, 10025, '2018-05-18 17:06:05', 10001, 1, 1, 'null', 3),
(89, '舞蹈红人周趋势图', '320*180，&lt;100k', '已有模版，改尺寸', '2018-05-23 00:00:00', '潘潘', '13436976086', 31, 10008, '2018-05-18 22:10:07', 10001, 1, 1, 'null', 3),
(90, 'NBA明星战队许魏洲', '发现广场banner: 640x172,612x164,750x346\r\n移动趋势: 320x180', '愿继续与樊亦楠设计师合作~感谢！', '2018-05-24 00:00:00', '房宸', 'QQ：895119483', 26, 10008, '2018-05-20 11:17:23', 10001, 1, 1, 'null', 3),
(91, '2018世界杯-线下投放 静态素材需求', '中关村鼎好电子大厦屏，面积1003.2平方米	时长：20秒	尺寸1760*912\r\n沙龙传媒西单LED     时长：15秒	尺寸3168dpi*576dpi                   格式：JPG\r\n大悦城	上海大悦城	时长15秒	  提供完稿 865(W)*500(H) dpi	   格式：mpg\r\n			                                  总大小不超过15兆		\r\n温莎KTV	全国13家门店259台广告刷屏机	时长：5秒	尺寸 ：1920*1080 竖版	\r\n尺寸.JPG\r\n\r\n\r\n', '', '2018-05-28 00:00:00', '安娜', '18911036255', 30, 10019, '2018-05-21 12:13:34', 10001, 1, 1, 'null', 3),
(92, '世界杯主页君招募', '常规PR/海报/微博配图: 750x高度不限\r\n', '', '2018-05-25 00:00:00', '李谆', '199511234', 30, 10008, '2018-05-21 14:45:24', 10001, 1, 1, 'null', 3),
(96, '品牌运营中心部门网站', '无', '内容填充', NULL, '彭中睿', '17600198915', 38, 10026, '2018-05-21 15:53:07', 10003, 0, 0, 'null', 1),
(99, '运动红人周-趋势&amp;品速&amp;PC-tips', '常用单图资源: PCtips：600x80 *4\r\n移动趋势: 320x180【无直接模板】*4\r\n品速：592*296 *1', '已有模板', '2018-05-23 00:00:00', '陈铮', 'QQ337696366', 31, 10025, '2018-05-21 17:17:42', 10001, 1, 1, 'null', 3),
(100, '酷燃儿童节品牌活动', '客户端开机: 720x1184,720x1280,720x1356,720x1480,750x1334,750x1624\r\nPCtips：600x80\r\n客户端找人页banner：640x172\r\n话题套图: 640x172,120x120\r\n专题页图：750x376,690x92\r\n酷燃双端焦点图：1022x418,640x300', '新设计', '2018-05-29 00:00:00', '赵黎明', '13661047282', 34, 10007, '2018-05-21 17:24:38', 10002, 1, 1, 'null', 3),
(101, '酷燃视频内水印规范', '根据内容而定：750x高度不限\r\n', '新设计，大致需求已和岳彤对接', '2018-05-31 00:00:00', '金鸽', '18614233812', 34, 10007, '2018-05-21 17:27:00', 10002, 1, 1, 'null', 3),
(102, '欧冠董路直播', '发现广场banner: 640x172,612x164,750x346\r\n移动趋势: 320x180\r\n常用单图资源: PCtips：600x80\r\n', '', '2018-05-24 00:00:00', '李谆', '199511234', 26, 10008, '2018-05-21 17:35:38', 10001, 1, 1, 'null', 3),
(103, '微博运动feed', '微博运动: 微博运动feed单card：592x280\r\n', '已有模板', '2018-05-25 00:00:00', '韩金萍', 'qq:1241471899', 31, 10025, '2018-05-21 17:57:00', 10001, 1, 1, 'null', 3),
(104, '520明星空降超话pr图', '常规PR/海报/微博配图: 750x高度不限\r\n', '超话橙色系列，搭配520甜蜜风格', '2018-05-24 00:00:00', '艳华', 'qq/wx504031128', 39, 10004, '2018-05-22 11:16:25', 10027, 1, 1, 'null', 3),
(105, '#门将酸爽时刻#', '话题套图: 1920x1080,920x300,640x640,640x320,180x180\r\n发现广场banner: 640x172,612x164,750x346\r\n移动趋势: 320x180\r\n常用单图资源: PCtips：600x80\r\n', '需要设计主视觉，客户除logo体现外暂无特殊需求', '2018-05-30 00:00:00', '李佳悦', '17600466040', 30, 10025, '2018-05-22 11:54:59', 10001, 1, 1, 'null', 3),
(106, 'NBA总决赛商业话题包装', '话题套图: 1920x1080,920x300,640x640,640x320,180x180\r\n', '希望能继续和亦楠或益成合作', '2018-06-01 00:00:00', '沈忱', 'QQ：289515451', 26, 10004, '2018-05-22 13:09:32', 10001, 1, 1, 'null', 3),
(107, 'NBA猛啊20期PR', '常规PR/海报/微博配图: 750x高度不限\r\n', '愿继续与樊亦楠设计师合作，感谢', '2018-05-24 00:00:00', '房宸', 'QQ：895119483', 26, 10008, '2018-05-22 14:46:37', 10001, 1, 1, 'null', 3),
(108, '酷燃儿童节品牌活动补充需求', '常规PR: 750x高度不限\r\n', '补充需求，已和岳彤沟通', '2018-05-30 00:00:00', '赵黎明 ', '13661047282', 34, 10007, '2018-05-22 16:28:03', 10002, 1, 1, 'null', 3),
(109, 'NBA总决赛硬广', '移动趋势: 320x180\r\n发现广场banner: 640x172,612x164,750x346\r\n常用单图资源: PCtips：600x80\r\n', '', '2018-05-22 18:36:51', '高鸽', '289515451', 26, 10004, '2018-05-22 18:36:51', 10001, 1, 0, 'null', 3),
(110, '#2018世界杯#', '话题套图: 1920x1080,920x300,640x640,640x320,180x180\r\n常用单图资源: PCtips：600x80\r\n发现广场banner: 640x172,612x164,750x346\r\n移动趋势: 320x180\r\n', '蒙牛客户提供了部分，素材如下：\r\n1）话题页面的所需要的logo素材;\r\n2）品牌词：可加 “自然力量 天生要强” 品牌slogan', '2018-06-01 00:00:00', '李佳悦', '17600466040', 30, 10008, '2018-05-22 19:19:35', 10001, 1, 1, 'null', 3),
(111, 'NBA明星战队许魏洲海报', '常规PR/海报/微博配图: 750x高度不限\r\n', '愿继续与樊亦楠设计师合作~', '2018-05-25 00:00:00', '房宸', 'QQ：895119483', 26, 10008, '2018-05-22 20:24:41', 10001, 1, 1, 'null', 3),
(112, '微博头像2个', '需要做微博武术、微博搏击的头像\r\n', '', '2018-06-29 00:00:00', '苏龙伟', '18500176029', 26, 10033, '2018-05-23 10:38:24', 10001, 0, 1, 'null', 2),
(113, '#世界杯#', '话题套图: 1920x1080,920x300,640x640,640x320,180x180\r\n', '客户vivo提供logo\r\n还请优先级做此话题\r\n周五需要', '2018-05-31 00:00:00', '李佳悦', '17600466040', 30, 10008, '2018-05-23 15:23:47', 10001, 1, 1, 'null', 3),
(114, 'NBA明星战队 张杰', '客户端开机: 720x1184,720x1280,720x1356,720x1480,750x1334,750x1624\r\n发现广场banner: 640x172,612x164,750x346\r\n移动趋势: 320x180\r\n', '模板已有，开机页求尽快先出。感谢', '2018-05-25 00:00:00', '房宸', 'QQ：895119483', 26, 10025, '2018-05-23 16:41:29', 10001, 1, 1, 'null', 3),
(115, '超话去双井号PR图', '常规PR/海报/微博配图: 750x高度不限\r\n', '页面简介明了，希望能再周五下班前出图', '2018-05-24 10:57:55', '艳华', '504031128，qq/wx', 39, 10028, '2018-05-24 10:57:55', 10027, 1, 0, 'null', 3),
(116, 'NBA商业话题新版素材更新', '新版双端话题套图:\r\n', '', '2018-05-29 00:00:00', '沈忱', '289515451', 26, 10025, '2018-05-24 15:22:23', 10001, 1, 1, 'null', 3),
(118, '  微博运动活动素材', '微博运动后台: banner头图：640x424, banner配图：140x140, 入口图：174x174\r\n', '已有主视觉', '2018-05-29 00:00:00', '韩金萍', 'qq：1241471899', 31, 10008, '2018-05-25 14:35:19', 10001, 1, 1, 'null', 3),
(119, '微博运动活动电子证书', '常规PR/海报/微博配图: 750x高度不限\r\n', '', '2018-05-29 00:00:00', '韩金萍', 'qq：1241471899', 31, 10008, '2018-05-25 15:07:50', 10001, 1, 1, 'null', 3),
(120, '运动健身领域热点模板', '常规PR/海报/微博配图: 750x高度不限\r\n', '', '2018-05-31 00:00:00', '王珏', '13521036177', 31, 10025, '2018-05-25 16:19:02', 10001, 1, 1, 'null', 3),
(121, '找人页', '640x172', '已有模版', '2018-05-28 11:12:34', '蕴涵', '18983677571', 31, 10025, '2018-05-28 11:12:34', 10001, 1, 0, 'null', 3),
(122, '品速', '592x296,70k', '已有模版', '2018-05-28 00:00:00', '蕴涵', '18983677571', 31, 10025, '2018-05-28 11:13:03', 10001, 1, 1, 'null', 3),
(123, '微博有街舞pr', '宽440', '已有模版', '2018-05-28 11:13:18', '蕴涵', '18983677571', 31, 10025, '2018-05-28 11:13:18', 10001, 1, 0, 'null', 3),
(124, '#世界杯半决赛#', '话题套图: 1920x1080,920x300,640x640,640x320,180x180\r\n', '需要自行设计主视觉\r\n提供素材：小米logo', '2018-05-28 11:55:07', '李佳悦', '17600466040', 30, 10019, '2018-05-28 11:55:07', 10001, 1, 0, 'null', 3),
(125, '#每场射门集锦#', '话题套图: 1920x1080,920x300,640x640,640x320,180x180\r\n', '需要自行设计主视觉，注意：文案客户暂定\r\n只提供【蒙牛纯甄logo】素材', '2018-06-11 00:00:00', '李佳悦', '17600466040', 30, 10008, '2018-05-28 11:56:55', 10001, 1, 1, 'null', 3),
(126, '#球星瞬间#', '话题套图: 1920x1080,920x300,640x640,640x320,180x180\r\n', '需要自行设计主视觉，注意：文案客户暂定\r\n只提供【蒙牛纯甄logo】素材', '2018-06-12 00:00:00', '李佳悦', '17600466040', 30, 10008, '2018-05-28 11:57:29', 10001, 1, 1, 'null', 3),
(127, '每日亮点', '话题套图: 1920x1080,920x300,640x640,640x320,180x180\r\n', '需要自行设计主视觉\r\n提供【福特logo】素材', '2018-06-13 00:00:00', '李佳悦', '17600466040', 30, 10008, '2018-05-28 11:58:11', 10001, 1, 1, 'null', 3),
(128, '#比赛日综述#', '话题套图: 1920x1080,920x300,640x640,640x320,180x180\r\n', '需要自行设计主视觉，注意：文案客户暂定\r\n提供【小米logo】素材', '2018-06-07 00:00:00', '李佳悦', '17600466040', 30, 10008, '2018-05-28 11:59:07', 10001, 1, 1, 'null', 3),
(129, '#a队vsb队#', '话题套图: 1920x1080,920x300,640x640,640x320,180x180\r\n', '四强决赛，话题套图三个 ，文案暂定\r\n提供小米logo素材', '2018-05-28 12:00:39', '李佳悦', '17600466040', 30, 10019, '2018-05-28 12:00:39', 10001, 1, 0, 'null', 3),
(130, '世界杯十大帅哥球星排行榜', '常规PR/海报/微博配图: 750x高度不限\r\n', '世界杯倒计时十天海报', '2018-06-04 00:00:00', '李佳悦', '17600466040', 30, 10019, '2018-05-28 12:03:40', 10001, 1, 1, 'null', 3),
(131, '红人周素材', '常用单图资源:PCtips：600x80*3\r\n移动趋势:320x180*3\r\n常规PR/海报/微博配图: 750x高度不限*3（有模板）\r\n', '已有模板', '2018-05-28 12:08:58', '陈铮', '18001123272', 31, 10025, '2018-05-28 12:08:58', 10001, 1, 0, 'null', 3),
(132, '世界杯手指舞故事活动海报', '国际通用尺寸', '', '2018-06-07 00:00:00', '蕴涵', '18983677571', 31, 10008, '2018-05-28 12:18:45', 10001, 1, 1, 'null', 3),
(133, '世界杯硬广素材', '发现广场banner: 640x172,612x164,750x346\r\n移动趋势: 320x180\r\n常用单图资源: PCtips：600x80\r\n', '', '2018-05-28 14:27:28', '李谆', '199511234', 30, 10019, '2018-05-28 14:27:28', 10001, 1, 0, 'null', 3),
(136, '超话banner两个', '566*176 尺寸\r\n文案1：超话钻石闪耀登场 直达入口全量开启\r\n文案2：明星空降宠粉 超话新式玩法', '风格不限，醒目就好', '2018-05-30 00:00:00', '艳华', '5040301128qqwx', 39, 10008, '2018-05-29 12:34:16', 10027, 1, 1, 'null', 3),
(137, 'NBA总决赛商业话题包装-新', '话题套图: 1920x1080,920x300,640x640,640x320,180x180\r\n', '希望能继续和亦楠或益成合作', '2018-05-31 00:00:00', '房宸', 'QQ：895119483', 26, 10004, '2018-05-29 14:24:55', 10001, 1, 1, 'null', 3),
(138, '微博运动feed', '微博运动: 微博运动feed单card：592x280\r\n', '已有模板', '2018-05-31 00:00:00', '韩金萍', 'qq:1241471899', 31, 10025, '2018-05-29 17:58:36', 10001, 1, 1, 'null', 3),
(139, '美丽中国活动趋势、品速、tips', '移动趋势: 320x180\r\n\r\n常用单图资源: PCtips：600x80\r\n\r\n品速：592x296,70k', '天妍已做主视觉', '2018-05-30 00:00:00', '韩金萍', 'qq:1241471899', 31, 10008, '2018-05-29 20:31:32', 10001, 1, 1, 'null', 3),
(140, '美丽中国活动发现页', '发现广场banner: 640x172,612x164,750x346\r\n', '明星待定，天妍已出主视觉。', '2018-06-04 00:00:00', '韩金萍', 'qq:1241471899', 31, 10008, '2018-05-29 20:32:48', 10001, 1, 1, 'null', 3),
(141, '超话庆六一，送超话周边 ', '常规PR/海报/微博配图: 750x高度不限\r\n', '', '2018-05-31 00:00:00', '马玉慧', 'yuhui7', 39, 10028, '2018-05-30 17:07:43', 10027, 1, 1, 'null', 3),
(142, 'NBA总决赛H5背景', '960x1550 &lt;300K', '已和亦楠线下沟通，用总决赛主视觉，增加这个H5尺寸即可~明天比赛，还麻烦今天帮出图，感谢，辛苦！', '2018-05-31 15:08:42', '王晨昊', 'QQ 572063202', 26, 10004, '2018-05-31 15:08:42', 10001, 1, 0, 'null', 3),
(143, '中超2018', '话题套图: 1920x1080,920x300,640x640,640x320,180x180\r\n', '之前天妍已有模板，需修改', '2018-05-31 00:00:00', '梁一', 'QQ：425045845', 26, 10008, '2018-05-31 15:20:11', 10001, 1, 1, 'null', 3),
(144, '话题词 #舞力全开# 头像设计', '普通头像尺寸', '', '2018-06-05 00:00:00', '蕴涵', '18983677571', 31, 10029, '2018-05-31 17:39:25', 10001, 1, 1, 'null', 3),
(145, '#NBA零距离#话题包装', '话题套图: 640x320（客户端头图）,1000x300（PC端头图）,70x70（话题头像）等全套。', '客户只有LOGO需求，其他按照设计师设计。\r\n截止日期：愿6月5日下班前，可以全部完成并上线。', '2018-06-05 00:00:00', '房宸', 'QQ：895119483', 26, 10004, '2018-05-31 18:05:04', 10001, 1, 1, 'null', 3),
(146, '助威世界杯', '常规PR/海报/微博配图: 750x高度不限\r\n', '', '2018-06-05 00:00:00', '韩金萍', '1800386483', 31, 10008, '2018-06-01 11:13:36', 10001, 1, 1, 'null', 3),
(147, '我是球迷贴纸（三款）', '微博运动: 微博运动贴纸：260x392，640x640\r\n\r\n', '', '2018-06-08 00:00:00', '韩金萍', '18001386483', 31, 10029, '2018-06-01 11:29:30', 10001, 1, 1, 'null', 3),
(148, '#兰州马拉松#话题页套图', '话题套图: 640x320（客户端头图）,1000x300（PC端头图）,背景图1413x794（PC端背景图）\r\n', '', '2018-06-07 00:00:00', '邓玉光', '438682654', 31, 10008, '2018-06-01 18:09:30', 10001, 1, 1, 'null', 3),
(149, '#总决赛寻詹问库#硬广', '移动趋势: 320x180\r\n常用单图资源: 客户端card22：640x172, PCtips：600x80, 粉服私信：698x349', '#总决赛寻詹问库#活动，6月5日上线。有图片素材，简单设计文字元素即可，辛苦临时支持~感谢~', '2018-06-05 00:00:00', '王晨昊  王浩然', 'QQ 572063202  1527174266', 26, 10008, '2018-06-04 07:25:04', 10001, 1, 1, 'null', 3),
(150, '答题直播素材', 'feed下拉图 海报图', '', '2018-06-08 00:00:00', '沈忱', '289515451', 26, 10008, '2018-06-04 08:24:58', 10001, 1, 1, 'null', 3),
(151, '酷燃儿童节品牌活动结项', '活动结项PR: 750x高度不限\r\n', '已有主视觉', '2018-06-04 11:08:55', '金鸽', '18614233812', 34, 10006, '2018-06-04 11:08:55', 10002, 1, 0, 'null', 3),
(152, '世界杯大V联盟', '发现广场banner: 640x172,612x164,750x346\r\n移动趋势: 320x180\r\n话题套图: 640x320（客户端头图）,1000x300（PC端头图）,\r\n新版字幕条: 720px*100px 主视觉高度限制在72px，附加元素高度小于等于100px\r\n角标：90*90px，小于100kb\r\n常用单图资源: PCtips：600x80\r\n', '', '2018-06-07 00:00:00', '李赞', 'QQ：917581364', 30, 10007, '2018-06-04 15:48:59', 10001, 1, 1, 'null', 3),
(153, '#哈里凯恩#', '话题套图: 640x320（客户端头图）,1000x300（PC端头图）,\r\n', '规范：球员\r\n客户：beats', '2018-06-12 00:00:00', '李佳悦', '17600466040', 30, 10007, '2018-06-04 19:15:30', 10001, 1, 1, 'null', 3),
(154, '#厄齐尔#', '话题套图: 640x320（客户端头图）,1000x300（PC端头图）,\r\n', '分类规范：球员\r\n客户：beats', '2018-06-12 00:00:00', '李佳悦', '17600466040', 30, 10007, '2018-06-04 19:16:13', 10001, 1, 1, 'null', 3),
(155, '#阿扎尔#', '话题套图: 640x320（客户端头图）,1000x300（PC端头图）,\r\n', '规范：球员类\r\n客户；beats', '2018-06-12 00:00:00', '李佳悦', '17600466040', 30, 10007, '2018-06-04 19:16:47', 10001, 1, 1, 'null', 3),
(156, 'MCN机构秀排名', '常规PR/海报/微博配图: 750x高度不限\r\nMCN排名', '有模板', '2018-06-06 00:00:00', '陈铮', 'QQ337696366', 31, 10029, '2018-06-04 20:24:59', 10001, 1, 1, 'null', 3),
(157, '微博运动feed', '微博运动: 微博运动feed单card：592x280\r\n', '已有模板', '2018-06-05 00:00:00', '韩金萍', '18001386483', 31, 10029, '2018-06-04 20:25:57', 10001, 1, 1, 'null', 3),
(158, '#喝彩世界杯#', '话题套图: 640x320（客户端头图）,1000x300（PC端头图）,\r\n', '类别：非即时类话题页\r\n客户：蒙牛优益C', '2018-06-04 23:43:38', '李佳悦', '17600466040', 30, 10008, '2018-06-04 23:43:38', 10001, 1, 0, 'null', 3),
(159, '#世界杯梦之队#', '话题套图: 640x320（客户端头图）,1000x300（PC端头图）,\r\n', '类别：非即时类话题页\r\n客户：海信', '2018-06-11 00:00:00', '李佳悦', '17600466040', 30, 10008, '2018-06-04 23:44:19', 10001, 1, 1, 'null', 3),
(160, '酷燃指数榜单', '数据PR: 750x高度不限\r\n', '已有模版，替换图片和修改数据即可', '2018-06-19 00:00:00', '金鸽', '18614233812', 34, 10006, '2018-06-05 11:15:23', 10002, 1, 1, 'null', 3),
(161, '球星（球队）势力榜', '发现广场banner: 640x172,612x164,750x346\r\n常用单图资源: PCtips：600x80\r\n移动趋势: 320x180\r\n客户端开机: 720x1184,720x1280,720x1356,720x1480,750x1334,750x1624\r\n话题套图: 640x320（客户端头图）,1000x300（PC端头图）,\r\n常用单图资源: PCtips：600x80\r\n', '', '2018-06-13 00:00:00', '李赞', 'QQ：917581364', 30, 10007, '2018-06-05 12:09:50', 10001, 1, 1, 'null', 3),
(162, '世界杯球星卡', '发现广场banner: 640x172,612x164,750x346\r\n移动趋势: 320x180\r\n客户端开机: 720x1184,720x1280,720x1356,720x1480,750x1334,750x1624\r\n常用单图资源: PCtips：600x80\r\n话题套图: 640x320（客户端头图）,1000x300（PC端头图）,\r\n', '', '2018-06-13 00:00:00', '李赞', 'qq：917581364', 30, 10007, '2018-06-05 12:11:40', 10001, 1, 1, 'null', 3),
(163, '球迷战队', '发现广场banner: 640x172,612x164,750x346\r\n移动趋势: 320x180\r\n客户端开机: 720x1184,720x1280,720x1356,720x1480,750x1334,750x1624\r\n话题套图: 640x320（客户端头图）,1000x300（PC端头图）,\r\n常用单图资源: PCtips：600x80\r\n', '', '2018-06-13 00:00:00', '李赞', 'qq：917581364', 30, 10007, '2018-06-05 12:13:13', 10001, 1, 1, 'null', 3),
(164, '进球红包', '发现广场banner: 640x172,612x164,750x346\r\n移动趋势: 320x180\r\n客户端开机: 720x1184,720x1280,720x1356,720x1480,750x1334,750x1624\r\n常用单图资源: PCtips：600x80\r\n话题套图: 640x320（客户端头图）,1000x300（PC端头图）,\r\n', '', '2018-06-13 00:00:00', '李赞', 'qq：917581364', 30, 10007, '2018-06-05 12:14:23', 10001, 1, 1, 'null', 3),
(165, '明星战队', '发现广场banner: 640x172,612x164,750x346\r\n移动趋势: 320x180\r\n客户端开机: 720x1184,720x1280,720x1356,720x1480,750x1334,750x1624\r\n常用单图资源: PCtips：600x80\r\n话题套图: 640x320（客户端头图）,1000x300（PC端头图）,\r\n', '', '2018-06-22 00:00:00', '李赞', 'qq：917581364', 30, 10007, '2018-06-05 12:15:49', 10001, 1, 1, 'null', 3),
(166, '世界杯直播推广', '发现广场banner: 640x172,612x164,750x346\r\n移动趋势: 320x180\r\n客户端开机: 720x1184,720x1280,720x1356,720x1480,750x1334,750x1624\r\n话题套图: 640x320（客户端头图）,1000x300（PC端头图）,\r\n常用单图资源: PCtips：600x80\r\n', '', '2018-06-22 00:00:00', '李赞', 'qq：917581364', 30, 10007, '2018-06-05 12:17:25', 10001, 1, 1, 'null', 3),
(167, '进球card', '冠军card尺寸', '冠军crad', '2018-06-12 00:00:00', '李佳悦', '17600466040', 30, 10007, '2018-06-05 18:48:21', 10001, 1, 1, 'null', 3),
(168, 'NBA总决赛红包素材', '常用单图资源:找人页-640x172\r\n【以下为非必需，酌情沟通：】\r\n移动趋势:320x180\r\nPCtips-600x80\r\n红包分享card:510x172\r\n红包私信图片:698x349\r\n红包移动端背景图:750x1334', '已有亦楠设计的“NBA总决赛”主视觉，修改文字及尺寸即可。和天妍之前支持的“季后赛”版红包素材一样~需求较为简单，会与设计师沟通尽量减少工作量，烦请支持~感恩', '2018-06-07 00:00:00', '王晨昊', '王晨昊 王浩然 （QQ 572063202 1527174266）', 26, 10008, '2018-06-05 19:29:11', 10001, 1, 1, 'null', 3),
(169, '舞蹈6月找人页banner', '640x172', '6月共计4张找人页，时间节点分别是：\r\n6月7日\r\n6月18日\r\n6月20日 \r\n6月27日', '2018-06-27 00:00:00', '蕴涵', '18983677571', 31, 10025, '2018-06-05 19:47:38', 10001, 1, 1, 'null', 3),
(170, '超级红人节线下盛典预热海报', '已有模版', '总计6张人物海报（韩宇 亮亮 刘隽  Caster 不齐 RMB）', '2018-06-06 00:00:00', '蕴涵', '18983677571', 31, 10029, '2018-06-05 19:54:39', 10001, 1, 1, 'null', 3),
(171, '#舞动世界杯#故事活动pr', '已有模版，在世界杯主视觉上改动', '1.活动规则pr\r\n2.活动总结pr', '2018-06-08 00:00:00', '蕴涵', '18983677571', 31, 10029, '2018-06-05 22:43:18', 10001, 1, 1, 'null', 3),
(172, '微博有街舞pr', '已有模版', '本月共计还有2期PR，需求时间分别是：\r\n1.6月6日\r\n2.6月12日', '2018-06-07 00:00:00', '蕴涵', '18983677571', 31, 10008, '2018-06-05 23:05:26', 10001, 1, 1, 'null', 3),
(173, '#俄罗斯世界杯#', '话题套图: 640x320（客户端头图）,1000x300（PC端头图）,\r\n', '', '2018-06-06 00:13:31', '李佳悦', '846817874', 30, 10007, '2018-06-06 00:13:31', 10001, 1, 0, 'null', 3),
(174, '喝彩世界杯', '话题套图: 640x320（客户端头图）,1000x300（PC端头图）,\r\n', '', '2018-06-07 00:00:00', '李佳悦', '846817874', 30, 10007, '2018-06-06 00:13:50', 10001, 1, 1, 'null', 3),
(175, '世界杯系列超话主持人招募', '常规PR/海报/微博配图: 750x高度不限\r\n', '', '2018-06-06 11:10:37', '张婧', 'qq1602207758', 39, 10028, '2018-06-06 11:10:37', 10027, 1, 0, 'null', 3),
(176, '#最佳扑救#', '话题套图: 640x320（客户端头图）,1000x300（PC端头图）,1920x1080（PC背景图）,180x180（双端头像）\r\n', '', '2018-06-14 00:00:00', '李谆', '199511234', 30, 10007, '2018-06-06 11:12:25', 10001, 1, 1, 'null', 3),
(177, '#赛事采访#', '话题套图: 640x320（客户端头图）,1000x300（PC端头图）,1920x1080（PC背景图）,180x180（双端头像）\r\n', '', '2018-06-14 00:00:00', '李谆', '199511234', 30, 10007, '2018-06-06 11:12:40', 10001, 1, 1, 'null', 3),
(178, '#球场指挥官#', '话题套图: 640x320（客户端头图）,1000x300（PC端头图）,1920x1080（PC背景图）,180x180（双端头像）\r\n', '', '2018-06-14 00:00:00', '李谆', '199511234', 30, 10007, '2018-06-06 11:12:57', 10001, 1, 1, 'null', 3),
(179, '#争议判罚#', '话题套图: 640x320（客户端头图）,1000x300（PC端头图）,1920x1080（PC背景图）,180x180（双端头像）\r\n', '', '2018-06-08 00:00:00', '李谆', '199511234', 30, 10007, '2018-06-06 11:13:07', 10001, 1, 1, 'null', 3),
(180, '#犯规集锦#', '话题套图: 640x320（客户端头图）,1000x300（PC端头图）,1920x1080（PC背景图）,180x180（双端头像）\r\n', '', '2018-06-08 00:00:00', '李谆', '199511234', 30, 10007, '2018-06-06 11:13:16', 10001, 1, 1, 'null', 3),
(181, '#为梅西打call#', '话题套图: 640x320（客户端头图）,1000x300（PC端头图）,1920x1080（PC背景图）,180x180（双端头像）\r\n', '', '2018-06-14 00:00:00', '李谆', '199511234', 30, 10007, '2018-06-06 11:13:25', 10001, 1, 1, 'null', 3),
(182, '超话高考加油符', '常规PR/海报/微博配图: 750x高度不限\r\n', 'https://weibo.com/6184078302/Gk5wCetfO 参考图，改为超话元素', '2018-06-07 00:00:00', '马玉慧', 'QQ 1942039403', 39, 10028, '2018-06-06 12:24:47', 10027, 1, 1, 'null', 3),
(183, '#最佳团队配合#', '话题套图: 640x320（客户端头图）,1000x300（PC端头图）,1920x1080（PC背景图）,180x180（双端头像）\r\n', '自行设计主视觉\r\n提供【东风雪铁龙logo】素材', '2018-06-12 00:00:00', '梁一', 'qq：425045845', 30, 10008, '2018-06-06 15:54:38', 10001, 1, 1, 'null', 3),
(185, '超级红人节线下盛典预热海报（运动）', '已有模板', '共5张，替换红人照片和昵称即可', '2018-06-07 00:00:00', '贺彦翔', '15600007760', 31, 10029, '2018-06-06 18:07:30', 10001, 1, 1, 'null', 3),
(186, '毕业了，我们超级有话说', '\r\n常规PR/海报/微博配图: 750x高度不限\r\n', '青春不散场、毕业寻梦想、毕业嘉年华', '2018-06-11 00:00:00', '马玉慧', 'qq：1942039403', 39, 10028, '2018-06-06 19:22:30', 10027, 1, 1, 'null', 3),
(188, '俄罗斯世界杯', '话题套图: 640x320（客户端头图）,1000x300（PC端头图）,1920x1080（PC背景图）,180x180（双端头像）\r\n', '', '2018-06-07 00:00:00', '李佳悦', 'qq：846817874', 30, 10008, '2018-06-07 10:58:44', 10001, 1, 1, 'null', 3),
(189, '#德国队#', '话题套图: 640x320（客户端头图）,1000x300（PC端头图）,1920x1080（PC背景图）,180x180（双端头像）\r\n', '需要自行设计主视觉\r\n提供【奔驰logo】素材\r\n', '2018-06-13 00:00:00', '梁一', '425045845', 30, 10007, '2018-06-07 17:24:41', 10001, 1, 1, 'null', 3),
(190, '电影频道对外PR', '常规PR/海报/微博配图: 750x高度不限\n', '已有模板，文案截图，配合修改即可', '2018-06-12 00:00:00', '吴学', 'wuxue3@staff.weobo.com', 34, 10006, '2018-06-07 17:57:59', 10002, 1, 1, 'null', 3),
(191, 'NBA总决赛开机页+发现页-张艺兴', '客户端开机: 720x1184,720x1280,720x1356,720x1480,750x1334,750x1624\r\n发现广场banner: 640x172,612x164,750x346\r\n', '之前张杰开机页有模板~只需抠图替换即可。\r\n', '2018-06-11 00:00:00', '高鸽', 'QQ：870350757', 26, 10025, '2018-06-07 18:02:37', 10001, 1, 1, 'null', 3),
(192, '酷燃世界杯品牌活动', '话题banner图：640x172\r\n专题页图（2张）：750x376\r\n预告PR: 750x高度不限\r\n精彩看点PR: 750x高度不限\r\n节目海报模版: 750x高度不限\r\n\r\n', '', '2018-06-07 18:18:04', '金鸽', '18614233812', 34, 10006, '2018-06-07 18:18:04', 10002, 1, 0, 'null', 3),
(193, '兰州马拉松贴纸', '微博运动: 微博运动贴纸：260x392，640x640\r\n常用单图资源: 客户端card22：640x172, PCtips：600x80', '已有官方模板，调整尺寸即可', '2018-06-11 00:00:00', '陈铮', 'QQ337696366', 31, 10029, '2018-06-08 11:20:54', 10001, 1, 1, 'null', 3),
(194, '#舞动世界杯#故事相关物料', '1.故事头像，160X160\r\n2.故事背景图，750x375,&lt;100K,PNG/JPG', '已有模版，用世界杯主视觉改', '2018-06-08 11:23:46', '蕴涵', '18983677571', 31, 10025, '2018-06-08 11:23:46', 10001, 1, 0, 'null', 3),
(195, '世界杯大V联盟', '常规PR/海报/微博配图: 750x高度不限\r\n发现广场banner: 640x172,612x164,750x346\r\n', '已有主视觉', '2018-06-08 17:14:37', '李赞', 'qq：917581364', 30, 10007, '2018-06-08 17:14:37', 10001, 1, 0, 'null', 3),
(196, 'NBA总决赛快速PR', '常规PR/海报/微博配图: 750x高度不限\r\n', '需要6月10日出图', '2018-06-09 11:53:35', '沈忱', '289515451', 26, 10019, '2018-06-09 11:53:35', 10001, 1, 0, 'null', 3),
(197, 'NBA总决赛9图PR', '9图PR', '11日出图', '2018-06-11 00:00:00', '沈忱', '289515451', 26, 10025, '2018-06-09 22:54:21', 10001, 1, 1, 'null', 3),
(198, '世界杯直播答题', '下拉2套+推广图', '已有模板，', '2018-06-19 00:00:00', '沈忱', '289515451', 30, 10030, '2018-06-09 22:57:10', 10001, 1, 1, 'null', 3),
(199, '世界杯赛程', '发现广场banner: 640x172,612x164,750x346\r\n', '', '2018-06-10 20:38:47', '李赞', 'qq：917581364', 30, 10019, '2018-06-10 20:38:47', 10001, 1, 0, 'null', 3),
(200, 'NBA猛啊全季总结PR', '常规PR/海报/微博配图: 750x高度不限\r\n', '已有模板，可以在原有基础上修改配色和数据等', '2018-06-22 00:00:00', '房宸', 'QQ：89511483', 26, 10025, '2018-06-10 22:06:46', 10001, 1, 1, 'null', 3),
(201, '微博运动feed', '微博运动: 微博运动feed单card：592x280\r\n', '已有模板', '2018-06-15 00:00:00', '韩金萍', '18001386483', 31, 10025, '2018-06-11 11:10:00', 10001, 1, 1, 'null', 3),
(202, '行走的力量微博运动素材', '微博运动后台: banner头图：640x424, banner配图：140x140, 入口图：174x174\r\n', '', '2018-06-11 11:10:38', '韩金萍', '18001386483', 31, 10008, '2018-06-11 11:10:38', 10001, 1, 0, 'null', 3),
(203, '#葡萄牙队#', '话题套图: 640x320（客户端头图）,1000x300（PC端头图）,1920x1080（PC背景图）,180x180（双端头像）\r\n', '截止日期14号之前，麻烦中睿老师！', '2018-06-13 00:00:00', '李佳悦', 'qq：846817874', 26, 10008, '2018-06-11 19:09:45', 10001, 1, 1, 'null', 3),
(204, '话题页#喝彩世界杯#修改', '话题套图: 640x320（客户端头图）,1000x300（PC端头图）,1920x1080（PC背景图）,180x180（双端头像）\r\n', '更换logo', '2018-06-12 13:11:52', '李佳悦', 'qq：846817874', 30, 10025, '2018-06-12 13:11:52', 10001, 1, 0, 'null', 3),
(205, '#比赛日综述#话题修改', '话题套图: 640x320（客户端头图）,1000x300（PC端头图）,1920x1080（PC背景图）,180x180（双端头像）\r\n', '文案修改：每日综述 改为比赛日综述', '2018-06-12 13:12:39', '李佳悦', 'qq：846817874', 30, 10025, '2018-06-12 13:12:39', 10001, 1, 0, 'null', 3),
(206, '加油世界杯', '话题套图: 640x320（客户端头图）,1000x300（PC端头图）,1920x1080（PC背景图）,180x180（双端头像）\r\n', '', '2018-06-13 00:00:00', '李谆', '199511234', 30, 10025, '2018-06-12 16:35:43', 10001, 1, 1, 'null', 3),
(207, 'MCN机构展示', '常规PR/海报/微博配图: 750x高度不限\r\n', '已有参考模板，亦可重新设计。', '2018-06-19 00:00:00', '陈铮', 'QQ337696366', 31, 10025, '2018-06-12 18:12:03', 10001, 1, 1, 'null', 3),
(208, '发现广场icon', '发现页十个icon：围观世界杯 抢亿元红包', '天一已和中睿沟通', '2018-06-15 00:00:00', '邵卓洋', '924516996', 30, 10004, '2018-06-12 23:44:23', 10001, 1, 1, 'null', 3),
(211, '世界杯答题王', '预告PR', '一张图，需求时间6.14日', '2018-06-14 00:00:00', '沈忱', '1562291893', 30, 10025, '2018-06-13 12:18:41', 10001, 1, 1, 'null', 3),
(212, '开机图4张', '客户端开机: 720x1184,720x1280,720x1356,720x1480,750x1334,750x1624\r\n', '王嘉尔 刘涛 戚薇 袁弘', '2018-06-13 12:29:16', '李佳悦', '17600466040', 30, 10019, '2018-06-13 12:29:16', 10001, 1, 0, 'null', 3),
(213, '#奥林匹克日#', '话题套图: 640x320（客户端头图）,1000x300（PC端头图）,1920x1080（PC背景图）,180x180（双端头像）\r\n', '', '2018-06-15 00:00:00', '张昊', '3372737588', 26, 10025, '2018-06-13 12:59:44', 10001, 1, 1, 'null', 3),
(214, '超话世界杯玩法pr图', '常规PR/海报/微博配图: 750x高度不限\r\n', '世界杯元素+超话小黄鸡元素，整体风格轻松有趣', '2018-06-19 00:00:00', '艳华', '504031128', 39, 10007, '2018-06-14 09:34:32', 10027, 1, 1, 'null', 3),
(217, '舞动世界杯活动补充物料', '600x80，&lt;100K', '用世界杯主视觉模版改\r\n6月14日，2018微博创意故事发起人\r\n6月22日，故事红人\r\n6月29日，故事红人\r\n7月1日，明星', '2018-07-01 00:00:00', '蕴涵', '18983677571', 31, 10025, '2018-06-14 11:24:55', 10001, 1, 1, 'null', 3),
(218, 'CCTV数据返屏图', '1920x1080', '已和中睿沟通', '2018-06-14 11:39:20', '李佳悦', '846817874', 30, 10019, '2018-06-14 11:39:20', 10001, 1, 0, 'null', 3),
(219, '趋势图', '320×180', '', '2018-06-19 00:00:00', '蕴涵', '18983677571', 31, 10025, '2018-06-14 16:10:23', 10001, 1, 1, 'null', 3),
(220, '明星战队', '客户端开机: 720x1184,720x1280,720x1356,720x1480,750x1334,750x1624\r\n', '亦楠好像已经有模板', '2018-06-15 00:00:00', '李赞', 'qq：917581364', 30, 10031, '2018-06-14 16:16:58', 10001, 1, 1, 'null', 3),
(221, '世界杯大V推广', '移动趋势: 320x180\r\n常用单图资源: 客户端card22：640x172, PCtips：600x80\r\n', '已有模版，需求时间6.15', '2018-06-14 17:36:34', '沈忱', '15652291893', 30, 10007, '2018-06-14 17:36:34', 10001, 1, 0, 'null', 3),
(222, '世界杯大V直播', '横滑两张', '已经有模板', '2018-06-15 00:00:00', '李赞', '917581364', 30, 10007, '2018-06-14 17:59:52', 10001, 1, 1, 'null', 3),
(223, '趋势图', '移动趋势: 320x180\r\n', '', '2018-06-14 20:42:30', '邓玉光', '438682654', 31, 10025, '2018-06-14 20:42:30', 10001, 1, 0, 'null', 3),
(224, '麦锐少年游乐记完结PR', '常规PR/海报/微博配图: 750x高度不限\n', '有首播PR的模板，但是需要修改', '2018-06-22 00:00:00', '吴学', 'wuxue3@staff.weibo.com', 34, 10006, '2018-06-15 11:41:20', 10002, 1, 1, 'null', 3),
(225, '故事流直播头像', '头像 ', '', '2018-06-15 11:59:27', '李佳悦', '09327492465', 30, 10004, '2018-06-15 11:59:27', 10001, 1, 0, 'null', 3),
(226, '世界杯早晚班banner', '世界杯早晚班banner: 640x320', '急求~~~用世界杯素材出', '2018-06-19 00:00:00', '房宸', 'qq：895119483', 26, 10007, '2018-06-15 17:20:26', 10001, 1, 1, 'null', 3),
(227, '马拉松话题页模板', '话题套图: 640x320（客户端头图）,1000x300（PC端头图）,1920x1080（PC背景图）,180x180（双端头像）\r\n', '', '2018-06-22 00:00:00', '邓玉光', '438682654', 31, 10025, '2018-06-19 10:34:53', 10001, 1, 1, 'null', 3),
(228, '鹿晗运动季', '话题页card:640-172\r\n', '已有主视觉，修改尺寸', '2018-06-19 11:36:09', '韩金萍', '18001386483', 31, 10025, '2018-06-19 11:36:09', 10001, 1, 0, 'null', 3),
(230, '超话任务系统攻略图', '常规PR/海报/微博配图: 750x高度不限\r\n', '周三提供详细文档', '2018-06-29 00:00:00', '艳华', '504031128', 39, 10028, '2018-06-19 19:09:27', 10027, 1, 1, 'null', 3),
(231, '董力世界杯开机图', '客户端开机: 720x1184,720x1280,720x1356,720x1480,750x1334,750x1624\r\n', '', '2018-06-20 04:00:22', '张昊', '3372737588', 30, 10031, '2018-06-20 04:00:22', 10001, 1, 0, 'null', 3),
(232, '世界杯节目品牌活动', '发现广场banner: 640x172,612x164,750x346\r\n', '', '2018-06-22 00:00:00', '金鸽', '18614233812', 34, 10007, '2018-06-20 12:00:45', 10002, 1, 1, 'null', 3),
(233, '《一千零一夜》开播PR', '常规PR/海报/微博配图: 750x高度不限\r\n', '给到电视剧海报主视觉 做一些元素设计', '2018-06-27 00:00:00', '杜航', '13426363901', 29, 10028, '2018-06-20 12:10:23', 10002, 1, 1, 'null', 3),
(234, '弹层—吴尊1个', '单层\r\n', '弹层—吴尊1个', '2018-06-22 00:00:00', '李佳悦', '846817874', 30, 10019, '2018-06-20 15:19:54', 10001, 1, 1, 'null', 3),
(235, '《创造101》收官Pr', '常规PR/海报/微博配图: 750x高度不限\r\n', '会提供风格图示供参考，会提供透明底人物psd，会提供内容所需截图素材及文案。\r\n共9张，Pr部分为6张，其余3张为纯人物图。', '2018-06-28 00:00:00', '郑晨', '微信：chenchen891016', 33, 10007, '2018-06-20 16:55:29', 10002, 1, 1, 'null', 3),
(236, '大V辣评 ', '横滑\r\n发现广场banner: 640x172,612x164,750x346\r\n常用单图资源: PCtips：600x80\r\n移动趋势: 320x180\r\n', '用之前的横滑视觉即可 ', '2018-06-22 00:00:00', '李赞', 'qq：917581364', 30, 10007, '2018-06-20 18:53:08', 10001, 1, 1, 'null', 3),
(237, '花样玩超话第五期', '常规PR/海报/微博配图: 750x高度不限\r\n', 'https://weibo.com/5878659096/Ge9QUr3e6 超话外微博怎么转进超话详解', '2018-06-22 00:00:00', '艳华', '504031128 qq/wx', 39, 10028, '2018-06-20 19:46:59', 10027, 1, 1, 'null', 3),
(238, '活动PR', '常规PR/海报/微博配图: 750x高度不限\r\n', '', '2018-06-26 00:00:00', '李蕙成', 'tel:17614267906 Q：1632102248', 34, 10007, '2018-06-21 10:56:42', 10002, 1, 1, 'null', 3),
(239, '央视客户端banner', 'banner', '', '2018-06-21 18:46:53', '李赞', 'QQ：917581364', 30, 10025, '2018-06-21 18:46:53', 10001, 1, 0, 'null', 3),
(240, '台网世界杯pr需求', '无要求常规PR/海报/微博配图: 750x高度不限\r\n', '在体育世界杯主视觉基础上修改', '2018-06-21 18:55:27', '张哲', '821952016', 35, 10025, '2018-06-21 18:55:27', 10002, 1, 0, 'null', 3),
(241, '酷燃世界杯品牌活动', 'pc焦点图\r\n图片尺寸：1022*418\r\n移动端焦点图\r\n图片尺寸: 640*300', '已有主视觉', '2018-06-27 00:00:00', '李蕙成', 'TEL:17614267906 qq：1632102248', 34, 10007, '2018-06-21 20:55:40', 10002, 1, 1, 'null', 3),
(242, '机器人争霸完结pr', '常规PR/海报/微博配图: 750x高度不限\r\n', '已有主视觉。需做6张图，延续上周分配的设计师肖婷，已与她沟通，谢谢~', '2018-06-25 00:00:00', '向馨雪', 'wechat:137765617', 33, 10006, '2018-06-22 14:45:52', 10002, 0, 1, 'null', 2),
(243, '制作公司和搜狐年中PR', '常规PR/海报/微博配图: 750x高度不限\r\n', '新设计 -已与设计师岳彤沟通过，后续继续对接', '2018-07-05 00:00:00', '刘萌萌', '18210249476', 33, 10007, '2018-06-22 14:58:11', 10002, 0, 1, 'null', 2),
(244, '世界杯明星战队', '移动趋势: 320x180\r\n常用单图资源: PCtips：600x80\r\n', '已有模板', '2018-06-22 15:57:53', '李赞', 'QQ：917581364', 30, 10007, '2018-06-22 15:57:53', 10001, 1, 0, 'null', 3),
(245, '爱奇艺年中PR', '常规PR/海报/微博配图: 750x高度不限\r\n', '', '2018-07-03 00:00:00', '蔡怡铃', '15600685096', 33, 10006, '2018-06-22 17:38:47', 10002, 0, 1, 'null', 2),
(246, '一周电视剧报告', '常规PR/海报/微博配图: 750x高度不限\r\n', '有模板', '2018-06-27 00:00:00', '孙雪莹', 'shixi_xueying3@staff.weibo.com', 29, 10028, '2018-06-22 20:00:47', 10002, 1, 1, 'null', 3),
(247, '暑期伴饭剧', '常规PR/海报/微博配图: 750x高度不限\r\n', '有模板', '2018-07-02 00:00:00', '陈瑞', 'chenrui3', 29, 10029, '2018-06-22 20:01:54', 10002, 1, 1, 'null', 3),
(248, '大V综艺计划-梦溪', '常规PR/海报/微博配图: 750x高度不限\r\n', '已有主视觉', '2018-06-25 00:00:00', '杨曦然', '15600131676', 29, 10028, '2018-06-22 20:02:13', 10002, 1, 1, 'null', 3),
(249, '无限歌谣季 开机', '客户端开机: 720x1184,720x1280,720x1356,720x1480,750x1334,750x1624\r\n发现广场banner: 640x172,612x164,750x346\r\n', '已有人物PSD，无主视觉，辛苦帮忙制作下周#无限歌谣季#微博专场素材图，感谢', '2018-06-27 00:00:00', '台网-小五', '邮箱：yuwei17', 29, 10029, '2018-06-22 20:03:37', 10002, 1, 1, 'null', 3),
(250, '综艺100秒 双端话题物料', '话题套图: 640x320（客户端头图）,1000x300（PC端头图）,1920x1080（PC背景图）,180x180（双端头像）\r\n', '已有主logo，配合设计即可。', '2018-06-27 00:00:00', '台网-李珍', '17600869240', 29, 10029, '2018-06-22 23:05:53', 10002, 1, 1, 'null', 3),
(251, '世界杯明星战队', '横滑', '需要微调模板，字到左侧，明星肖像在右侧', '2018-06-23 12:39:57', '李赞', 'qq：917581364', 30, 10007, '2018-06-23 12:39:57', 10001, 1, 0, 'null', 3),
(252, '童言有计-话题页banner', '常用单图资源: 客户端card22：640x172\r\n', '已有主视觉', '2018-06-27 00:00:00', '王梦晗', 'QQ  315652851', 29, 10029, '2018-06-24 14:11:58', 10002, 1, 1, 'null', 3),
(253, '优酷年中PR', '常规PR/海报/微博配图: 750x高度不限\r\n', '9图，已有主视觉', '2018-07-01 00:00:00', '张鑫', '15101525676', 33, 10032, '2018-06-24 22:40:38', 10002, 0, 1, 'null', 2),
(254, '酷剧场战报', '常规PR/海报/微博配图: 750x高度不限\r\n', '已有主视觉', '2018-06-24 22:41:21', '李晨曦', '15101525676', 33, 10006, '2018-06-24 22:41:21', 10002, 1, 0, 'null', 3),
(255, '嘿好样的涨粉海报—梦溪', '常规PR/海报/微博配图: 750x高度不限\r\n', '已有模板，替换即可', '2018-06-28 00:00:00', '严笑', '13678033483', 29, 10028, '2018-06-25 10:53:20', 10002, 1, 1, 'null', 3),
(256, '嘿好样的人气值海报', '常规PR/海报/微博配图: 750x高度不限\r\n\r\n', '已有模板，替换', '2018-06-25 00:00:00', '严笑', '13678033483', 29, 10028, '2018-06-25 10:54:33', 10002, 1, 1, 'null', 3),
(257, '这就是铁甲收官pr', '常规PR/海报/微博配图: 750x高度不限\r\n', '已有模板', '2018-06-27 00:00:00', '李晨曦', '15927933741', 33, 10006, '2018-06-25 11:23:27', 10002, 1, 1, 'null', 3),
(258, '童言有计-话题页', '话题套图: 640x320（客户端头图）,1000x300（PC端头图）,1920x1080（PC背景图）,180x180（双端头像）\r\n', '已有主视觉、已有素材psd', '2018-06-30 00:00:00', '王梦晗', 'qq 315652851', 29, 10029, '2018-06-25 11:26:30', 10002, 0, 1, 'null', 2),
(259, '月月约剧', '常规PR/海报/微博配图: 750x高度不限\r\n', '有模板', '2018-06-25 11:49:40', '孙雪莹', 'shixi_xueying3', 29, 10028, '2018-06-25 11:49:40', 10002, 1, 0, 'null', 3),
(260, '世界杯相关物料', '常规PR/海报/微博配图: 440x高度不限\r\n(6月25日开始，每天一张，持续到7月23日）\r\nPCTIPS\r\n', '已有模版', '2018-06-27 00:00:00', '蕴涵', '18983677571', 26, 10008, '2018-06-25 13:22:13', 10001, 1, 1, 'null', 3),
(261, '综情局麦标', 'AI格式  异形  ', '根据综情局logo修改即可', '2018-06-25 14:58:38', '台网-李珍', '17600869240', 29, 10004, '2018-06-25 14:58:38', 10002, 1, 0, 'null', 3),
(262, '视频台年中pr', '常规PR/海报/微博配图: 750x高度不限\r\n', '无主视觉', NULL, '张芮', '13810424146', 33, 10006, '2018-06-25 15:40:49', 10002, 0, 0, 'null', 1),
(263, '世界杯明星战队', '发现广场banner: 640x172,612x164,750x346\r\n', '', '2018-06-29 00:00:00', '李赞', 'QQ：917581364', 30, 10025, '2018-06-25 15:42:51', 10001, 1, 1, 'null', 3),
(264, 'MCN海报2+3', '常规PR/海报/微博配图: 750x高度不限\r\n', 'MCN榜单已有模板*3（已有，可直接复用）\r\nMCN星势力*2（有晓田所做【新星秀】可以参考）\r\n', '2018-06-29 00:00:00', '陈铮', 'QQ337696366', 31, 10008, '2018-06-25 17:24:39', 10001, 1, 1, 'null', 3),
(265, '世界杯移动趋势', '移动趋势: 320x180\r\n常用单图资源: PCtips：600x80\r\n', '世界杯相关，可复用其他素材。', '2018-06-27 00:00:00', '陈铮', 'QQ337696366', 31, 10008, '2018-06-25 17:44:03', 10001, 1, 1, 'null', 3),
(266, '快乐由我造', '话题套图: 640x320（客户端头图）,1000x300（PC端头图）,1920x1080（PC背景图）,180x180（双端头像）\r\n', '项目含有价值千万的上屏资源和F01发博，重要性高。全称：快乐由我造暑期互动季', '2018-06-28 00:00:00', '台网-李珍', '17600869240', 29, 10029, '2018-06-25 18:29:43', 10002, 1, 1, 'null', 3),
(267, '大V直播横滑', '大V直播横滑2个', '大V直播横滑', '2018-06-27 00:00:00', '李赞', '917581364', 26, 10025, '2018-06-25 21:43:00', 10001, 1, 1, 'null', 3),
(268, '世界杯吐槽大会数据pr', '常规PR/海报/微博配图: 750x高度不限\r\n', '找小龙老师！！', '2018-06-26 00:00:00', '李佳悦', '17600466040', 30, 10008, '2018-06-26 10:28:38', 10001, 1, 1, 'null', 3),
(269, '#奔跑吧#加油榜素材修改', '图片尺寸612*151，jpg或png类型图片\n图片尺寸580*80，jpg或png类型图片', '之前已经制作完成，有素材图。现在需要调整画面里的元素。', '2018-06-26 00:00:00', '刘雨', '18311338717', 29, 10006, '2018-06-26 11:42:27', 10002, 1, 1, 'null', 3),
(270, '总局禁毒宣传片推广活动', 'pc焦点图：1022*418\r\n移动端焦点图：640*300\r\n专题banner: 640x172\r\n常规PR/海报/微博配图: 750x高度不限\r\n', '由于接到总局要求，需要开办&quot;健康人生、绿色无毒&quot;为主题的禁毒宣传月系列活动，双端焦点图、专题banner麻烦优先排期，PR图7月6日即可。', NULL, '金鸽', '手机：18614233812 QQ：49949580', 34, 10032, '2018-06-26 13:57:38', 10002, 0, 0, 'null', 1),
(271, '微博运动feed', '微博运动: 微博运动feed单card：592x280\r\n', '有统一模板', '2018-06-29 00:00:00', '韩金萍', '18001386483', 31, 10025, '2018-06-26 14:02:57', 10001, 1, 1, 'null', 3),
(272, '运动tips', '常用单图资源: PCtips：600x80\r\n', '', '2018-06-29 00:00:00', '韩金萍', '18001386483', 31, 10025, '2018-06-26 14:04:13', 10001, 1, 1, 'null', 3),
(273, 'HHI活动总结图', '宽400', '9图活动总结设计', NULL, '蕴涵', '18983677571', 31, 10008, '2018-06-26 14:38:57', 10001, 0, 0, 'null', 1),
(274, '育儿大V综艺计划海报替换', '\r\n', '已有海报模板，需抠图替换人物形象，大约20-30张\r\n', '2018-06-27 00:00:00', '杨曦然', 'qq：413566105', 29, 10029, '2018-06-26 15:45:12', 10002, 1, 1, 'null', 3),
(275, '纪录片话题页banner', '640*172', '已有背景模板，文字修改', '2018-06-29 00:00:00', '杨舒童', 'shutong1@staff.weibo.com', 29, 10028, '2018-06-26 16:46:00', 10002, 1, 1, 'null', 3),
(276, '《奔跑吧》故事挑战头像', '180*180，JPG或PNG皆可。\r\n头像周围留出25px空白处无素材\r\n', '《奔跑吧》第十二期微博故事挑战赛活动头像', '2018-06-28 00:00:00', '刘雨', '18311338717', 29, 10006, '2018-06-26 17:13:44', 10002, 1, 1, 'null', 3),
(277, '世界杯人物宣传海报', '常规PR/海报/微博配图: 750x高度不限\r\n', '五张需求，已有模板', '2018-06-27 00:00:00', '蕴涵', '18983677571', 31, 10025, '2018-06-26 17:21:07', 10001, 1, 1, 'null', 3),
(278, '一周综艺报告', '常规PR/海报/微博配图: 750x高度不限\r\n', '已有模板，修改数据', '2018-06-26 17:38:25', '程昀皓', 'QQ：595340355', 29, 10028, '2018-06-26 17:38:25', 10002, 1, 0, 'null', 3),
(279, '《奔跑吧》加油榜玩法图', '常规PR/海报/微博配图: 750x高度不限\r\n', '《奔跑吧》加油榜玩法图', '2018-06-28 00:00:00', '刘雨', '18311338717', 29, 10006, '2018-06-26 18:13:17', 10002, 1, 1, 'null', 3),
(280, '广州马拉松PC-tips', '常用单图资源: PCtips：600x80\r\n', '常规需求，已有KV', '2018-06-27 00:00:00', '陈铮', 'QQ337696366', 31, 10025, '2018-06-26 18:46:29', 10001, 1, 1, 'null', 3),
(281, '微博纪录片联盟Pr', '常规PR/海报/微博配图: 750x高度不限\n', '融合微博logo与CCTV9 logo 设计微博纪录片联盟主视觉（类似一个新logo，会同时用于视频静帧、主海报）\n', NULL, '杨舒童', 'shutong1@staff.weibo.com', 29, 10031, '2018-06-26 19:21:37', 10002, 0, 0, 'null', 1),
(282, '世界杯每日PR', '常规PR/海报/微博配图: 750x高度不限\r\n', '', '2018-06-28 00:00:00', '王珏', '13521036177', 31, 10025, '2018-06-27 10:30:38', 10001, 1, 1, 'null', 3),
(283, '梅西开机图', '客户端开机: 720x1184,720x1280,720x1356,720x1480,750x1334,750x1624\r\n', '明星开机模板 换成梅西～～～', '2018-06-27 10:34:38', '李佳悦', '846817874', 30, 10031, '2018-06-27 10:34:38', 10001, 1, 0, 'null', 3),
(284, '《猎毒人》开播PR', '常规PR/海报/微博配图: 750x高度不限\r\n', '已有主视觉模板\r\n7.6开播 ', '2018-07-03 00:00:00', '杜航', '13426363901', 29, 10029, '2018-06-27 16:27:00', 10002, 0, 1, 'null', 2),
(285, '项目首播捷报PR长图《好久不见薛之谦》', '常规PR/海报/微博配图: 750x高度不限\r\n', '没有模板，需要用参考主视觉设计', NULL, '吴学', '微信：18262284609', 34, 10031, '2018-06-27 16:34:28', 10002, 0, 0, 'null', 1),
(286, '项目完结PR《女行》', '常规PR/海报/微博配图: 750x高度不限\r\n', '完结PR，没有模板，可以根据主视觉设计', NULL, '吴学', '微信：18262284609', 34, 10031, '2018-06-27 16:35:22', 10002, 0, 0, 'null', 1),
(287, '一周综艺预告', '常规PR/海报/微博配图: 750x高度不限\r\n', '已有模板，修改数据', '2018-06-29 00:00:00', '程昀皓', 'QQ：595340355', 29, 10028, '2018-06-27 17:31:11', 10002, 1, 1, 'null', 3),
(288, '育儿大V综艺计划-梦溪', '话题页套图，一共三张（头像、头图、640*172banner），大V能量榜组图（双端banner，20张人物替换头图750×424）\r\n', '已有主视觉，图片提交时间7月3日，感谢~', '2018-07-03 00:00:00', '杨曦然', 'qq413566105', 29, 10028, '2018-06-28 11:57:52', 10002, 1, 1, 'null', 3),
(289, '世界杯明星战队', '客户端开机: 720x1184,720x1280,720x1356,720x1480,750x1334,750x1624\r\n常用单图资源: \r\n', '已有模板', '2018-07-01 00:00:00', '李赞', 'qq：917581364', 30, 10007, '2018-06-28 14:29:38', 10001, 1, 1, 'null', 3),
(290, '集卡—苏亚雷斯', '集卡尺寸', '球星集卡', NULL, '李佳悦', '846817874', 30, 10031, '2018-06-28 17:41:25', 10001, 0, 0, 'null', 1),
(291, '全民舞蹈季主视觉', '\r\n常规PR/海报/微博配图: 750x高度不限\r\n', '', '2018-07-13 00:00:00', '邓玉光', '438682654', 31, 10019, '2018-06-28 20:33:10', 10001, 0, 1, 'null', 2),
(292, '全民舞蹈季倒计时海报', '\r\n常规PR/海报/微博配图: 750x高度不限\r\n', '共3张正式版，模板保留，后期需替换人物', '2018-07-13 00:00:00', '邓玉光', '438682654', 31, 10019, '2018-06-28 20:53:57', 10001, 0, 1, 'null', 2),
(293, '《奔跑吧》第十二期微博故事视频封面', '常规PR/海报/微博配图: 750x高度不限\r\n', '', '2018-06-29 00:00:00', '刘雨', '18311338717', 29, 10006, '2018-06-29 10:53:28', 10002, 1, 1, 'null', 3),
(294, '16强对阵需求', 'pc端赛程更新 地址：https://sports.weibo.com/worldcup2018/index', '已有模板', NULL, '李佳悦', '846817874', 30, 10025, '2018-06-29 10:55:25', 10001, 0, 0, 'null', 1),
(295, '明日之子首播pr', '常规PR/海报/微博配图: 750x高度不限\r\n', '已经和岳彤初步沟通过了', NULL, '姜珍珍', '微信：jzzhen913337066', 33, 10006, '2018-06-29 10:57:16', 10002, 0, 0, 'null', 1),
(296, '腾讯平台合作年中pr', '常规PR/海报/微博配图: 750x高度不限\r\n', '无主视觉，需设计，共九张\r\n已经和岳彤做了初步沟通', NULL, '姜珍珍', '微信：jzzhen913337066', 33, 10006, '2018-06-29 10:58:39', 10002, 0, 0, 'null', 1),
(297, '发现页16强赛程', '发现广场banner: 640x172,612x164,750x346\r\n', '已有模板', NULL, '李佳悦', '17600466040', 30, 10025, '2018-06-29 11:03:35', 10001, 0, 0, 'null', 1),
(298, '中国新说唱玩法PR', '常规PR/海报/微博配图: 750x高度不限\r\n', '', NULL, '蔡怡铃', '15600685096', 33, 10004, '2018-06-29 11:07:36', 10002, 0, 0, 'null', 1),
(302, '酷燃指数榜单模板', '常规PR/海报/微博配图: 750x高度不限\r\n', '', NULL, '单思雨', '854034609', 34, 10032, '2018-06-29 11:59:56', 10002, 0, 0, 'null', 1),
(303, '话题页#阿扎尔#更换logo', '话题套图: 640x320（客户端头图）,1000x300（PC端头图）,1920x1080（PC背景图）,180x180（双端头像）\r\n', '#阿扎尔#更换logo 话题页双端， 头图， 右上角， BEATS LOGO, 下掉。之前是岳彤出的图，', NULL, '李佳悦', '17600466040', 30, 10025, '2018-06-29 15:51:28', 10001, 0, 0, 'null', 1),
(304, '嘿好样的涨粉+互动海报—梦溪', '常规PR/海报/微博配图: 750x高度不限\r\n', '已有模板，替换即可（下周2、3）', NULL, '严笑', '13678033483', 29, 10028, '2018-06-29 16:12:53', 10002, 0, 0, 'null', 1),
(305, '世界杯四分之一决赛进球card', '冠军card尺寸 ', '冠军card尺寸 ', NULL, '李佳悦', '17600466040', 30, 0, '2018-06-30 11:04:43', 10001, 0, 0, 'null', 0),
(306, '世界杯决赛进球card和冠军card', '冠军card尺寸', '两套', NULL, '李佳悦', '17600466040', 30, 10007, '2018-06-30 11:05:32', 10001, 0, 0, 'null', 1),
(307, '《无限歌谣季》收官PR', '收官PR\r\n', '有人物及logo的PSD，但整体风格的主视觉需要新创作', NULL, '王与维', 'yuwei17@staff.weibo.com', 29, 10029, '2018-06-30 21:38:35', 10002, 0, 0, 'null', 1),
(308, '视频台年中活动艺人海报', '常规PR/海报/微博配图: 750x高度不限\r\n', '#我在看#已有设计图', NULL, '张苏涵', '18861790400', 33, 10006, '2018-07-01 15:33:56', 10002, 0, 0, 'null', 1),
(309, '一周电视剧报告', '常规PR/海报/微博配图: 750x高度不限\r\n', '有模板', '2018-07-04 00:00:00', '孙雪莹', 'shixi_xueying3@staff.weibo.com', 29, 10028, '2018-07-02 11:12:10', 10002, 1, 1, 'null', 3),
(310, '世界杯明星战队', '客户端开机: 720x1184,720x1280,720x1356,720x1480,750x1334,750x1624\r\n', '已有模板~', '2018-07-04 00:00:00', '李赞', 'qq：917581364', 30, 10025, '2018-07-02 11:27:28', 10001, 1, 1, 'null', 3),
(311, '奔跑吧收官pr', '常规PR/海报/微博配图: 750x高度不限，\r\n', '', NULL, '刘雨', '18311338717', 29, 10006, '2018-07-02 11:45:52', 10002, 0, 0, 'null', 1),
(312, '酷燃播放量破亿项目PR', '常规PR/海报/微博配图: 750x高度不限\r\n', '', NULL, '金鸽', 'TEL 18614233812 QQ 49949580', 34, 10032, '2018-07-02 14:05:18', 10002, 0, 0, 'null', 1),
(313, '一周综艺报告', '常规PR/海报/微博配图: 750x高度不限\r\n', '已有模板，修改数据', '2018-07-02 14:14:03', '程昀皓', '13021992085', 29, 10028, '2018-07-02 14:14:03', 10002, 1, 0, 'null', 3),
(314, '#世界杯吐槽大会#奖金榜PR', '常规PR/海报/微博配图: 750x高度不限\r\n', '已有模板。\r\n需求时间7月5日', NULL, '房宸', 'QQ：895119483', 26, 10003, '2018-07-02 16:44:01', 10001, 0, 1, 'null', 1),
(315, '酷燃世界杯玩法pr', '常规PR/海报/微博配图: 750x高度不限\r\n', '', NULL, '李蕙成', 'tei:17614267906 Q：1632102248', 34, 10032, '2018-07-02 17:59:40', 10002, 0, 0, 'null', 1),
(316, '《流星花园》', '开播pr、占卜card    常规PR/海报/微博配图: 750x高度不限\r\n', '有主视觉', '2018-07-11 00:00:00', '程圣淋', 'shenglin', 29, 10007, '2018-07-02 18:50:58', 10002, 0, 1, 'null', 2),
(317, ' 电视剧《脱身》收官PR-岳彤', '常规PR/海报/微博配图: 750x高度不限\r\n', '岳彤设计，无模板', NULL, '李聪', '15001342697', 29, 0, '2018-07-02 19:04:21', 10002, 0, 0, 'null', 0),
(318, 'BBC神秘博士开博PR', '常规PR/海报/微博配图: 750x高度不限\r\n', '', NULL, '杨舒童', 'shutong1@staff.weibo.com', 29, 0, '2018-07-02 19:29:10', 10002, 0, 0, 'null', 0),
(319, '舞动世界杯每日PR', '常规PR/海报/微博配图: 750x高度不限\r\n', '已有模板\r\n每日一张，持续到7月23日', '2018-07-03 00:00:00', '蕴涵', '18983677571', 31, 10008, '2018-07-03 10:48:16', 10001, 0, 1, 'null', 2),
(320, '半决赛竞猜H5', '960x1050 ，png ，低于300kb', '无', '2018-07-04 00:00:00', '李佳悦', '846817874', 30, 10008, '2018-07-03 13:07:01', 10001, 0, 1, 'null', 2),
(321, '大V拓展欢迎海报', '根据舞蹈领域模板进行修改出运动领域模板\r\n并添加本期拓展用户肖像', '待与设计师沟通', NULL, '贺彦翔', '15600007760', 31, 0, '2018-07-03 14:23:07', 10001, 0, 0, 'null', 0),
(322, '台网LOGO', '无', '整体风格以扁平化，极简风格为主\r\n突出台网品牌定位：以话题、搜索为依托，实现节目营销全面短视频化\r\n整体配色不超过两个颜色，以明亮色为主\r\n文字标识：微博台网\r\n', NULL, '张哲', '18502660767', 35, 0, '2018-07-03 18:05:58', 10002, 0, 0, 'null', 0),
(323, '台网用户运营 找人页tips修改', '找人页tips', '只需修改模板', NULL, '白健伟', 'shixi_jianwei3', 35, 0, '2018-07-03 18:11:00', 10002, 0, 0, 'null', 0),
(324, '明日之子华晨宇话题商业装修', '话题套图: 640x320（客户端头图）,1000x300（PC端头图）,1920x1080（PC背景图）,180x180（双端头像）\r\n', '有主视觉', NULL, '姜珍珍', 'jzzhen913337066', 33, 0, '2018-07-03 18:40:26', 10002, 0, 0, 'null', 0),
(325, '综艺盛夏季', '\r\n话题套图: 640x320（客户端头图）,1000x300（PC端头图）,1920x1080（PC背景图）,180x180（双端头像）\r\n话题页banner  短视频打榜头图', '已有模板', NULL, '台网-李珍', '17600869240', 29, 0, '2018-07-04 19:36:26', 10002, 0, 0, 'null', 0),
(326, '快乐由我造', '加油榜物料 话题页banner  短视频打榜头图   微博故事头图', '已有主视觉', NULL, '台网-李珍', '17600869240', 29, 0, '2018-07-04 19:37:35', 10002, 0, 0, 'null', 0),
(327, '全民舞蹈季话题页套图', '话题套图: 640x320（客户端头图）,1000x300（PC端头图）,1920x1080（PC背景图）,180x180（双端头像）\r\n', '', NULL, '邓玉光', '438682654', 31, 0, '2018-07-04 19:47:43', 10001, 0, 0, 'null', 0),
(328, '全民舞蹈季预热海报-明星版', '常规PR/海报/微博配图: 750x高度不限\r\n', '', NULL, '邓玉光', '438682654', 31, 0, '2018-07-04 19:48:50', 10001, 0, 0, 'null', 0),
(329, '全民舞蹈季预热海报-KOL版', '常规PR/海报/微博配图: 750x高度不限\r\n', '明星版与KOL版预热海报不用同一套模板', NULL, '邓玉光', '438682654', 31, 0, '2018-07-04 19:49:45', 10001, 0, 0, 'null', 0),
(330, '全民舞蹈季-榜单长图', '常规PR/海报/微博配图: 750x高度不限\r\n', '做成可复用的模板', NULL, '邓玉光', '438682654', 31, 0, '2018-07-04 19:51:19', 10001, 0, 0, 'null', 0),
(331, '全民舞蹈季-上线长图', '常规PR/海报/微博配图: 750x高度不限\r\n', '', NULL, '邓玉光', '438682654', 31, 0, '2018-07-04 19:51:37', 10001, 0, 0, 'null', 0),
(332, '全民舞蹈季-活动规则介绍图', '常规PR/海报/微博配图: 750x高度不限\r\n', '', NULL, '邓玉光', '438682654', 31, 0, '2018-07-04 19:52:14', 10001, 0, 0, 'null', 0),
(333, '全民舞蹈季-活动结果公布图', '常规PR/海报/微博配图: 750x高度不限\r\n', '与活动规则介绍图可使用同一风格', NULL, '邓玉光', '438682654', 31, 0, '2018-07-04 19:53:01', 10001, 0, 0, 'null', 0),
(334, '全民舞蹈季-PR总结图', '常规PR/海报/微博配图: 750x高度不限\r\n', '', NULL, '邓玉光', '438682654', 31, 0, '2018-07-04 19:53:30', 10001, 0, 0, 'null', 0);

-- --------------------------------------------------------

--
-- 表的结构 `require_type`
--

CREATE TABLE `require_type` (
  `id` int(11) NOT NULL,
  `name` varchar(100) NOT NULL,
  `content` text NOT NULL,
  `allowed_choose` int(11) NOT NULL DEFAULT '0',
  `sort` int(11) NOT NULL
) ENGINE=InnoDB DEFAULT CHARSET=utf8;

--
-- 转存表中的数据 `require_type`
--

INSERT INTO `require_type` (`id`, `name`, `content`, `allowed_choose`, `sort`) VALUES
(2, '发现广场banner', '640x172\r\n612x164\r\n750x346', 0, 2),
(4, '客户端开机', '720x1184\r\n720x1280\r\n720x1356\r\n720x1480\r\n750x1334\r\n750x1624', 0, 4),
(5, '移动趋势', '320x180', 0, 3),
(6, '常规PR/海报/微博配图', '750x高度不限', 0, 1),
(7, '常用单图资源', '客户端card22：640x172\r\nPCtips：600x80\r\nPC微博正文页左侧：660x165\r\nPC微博正文页W3：288x162\r\n粉服私信：698x349', 1, 5),
(8, '话题套图', '640x320（客户端头图）\r\n1000x300（PC端头图）\r\n1920x1080（PC背景图）\r\n180x180（双端头像）', 0, 6),
(9, '微博运动', '微博运动feed单card：592x280\r\n微博运动feed组合card：300x300\r\n微博运动贴纸：260x392，640x640', 1, 7),
(10, '微博运动后台', 'banner头图：640x424\r\nbanner配图：140x140\r\n入口图：174x174', 1, 8);

-- --------------------------------------------------------

--
-- 表的结构 `users`
--

CREATE TABLE `users` (
  `uid` int(11) NOT NULL,
  `loginname` varchar(50) NOT NULL,
  `password` varchar(50) NOT NULL,
  `username` varchar(50) NOT NULL,
  `admin` int(11) NOT NULL DEFAULT '2' COMMENT '0=超级管理员;1=管理员;2=非管理员;',
  `state` int(11) NOT NULL DEFAULT '1' COMMENT '0=冻结;1=正常;',
  `job` int(11) NOT NULL COMMENT '1=设计师;2=需求方;',
  `workline` varchar(100) NOT NULL DEFAULT 'null',
  `avatar` varchar(100) NOT NULL DEFAULT 'null',
  `qq` varchar(50) NOT NULL DEFAULT 'null',
  `tel` varchar(100) NOT NULL DEFAULT 'null',
  `email` varchar(100) NOT NULL DEFAULT 'null',
  `allowed_column` varchar(100) NOT NULL DEFAULT 'null',
  `top` int(11) NOT NULL DEFAULT '0',
  `sort` int(11) NOT NULL DEFAULT '0'
) ENGINE=InnoDB DEFAULT CHARSET=utf8;

--
-- 转存表中的数据 `users`
--

INSERT INTO `users` (`uid`, `loginname`, `password`, `username`, `admin`, `state`, `job`, `workline`, `avatar`, `qq`, `tel`, `email`, `allowed_column`, `top`, `sort`) VALUES
(10000, 'minhui1', 'e10adc3949ba59abbe56e057f20f883e', '吴敏惠', 0, 1, 1, 'null', 'data/users/10000/5a02ad657c285_thumb.jpg', '1262550070', '18514203135', 'minhui1@staff.weibo.com', 'null', 0, 3),
(10001, 'tiyu', 'e10adc3949ba59abbe56e057f20f883e', '微博体育', 2, 1, 2, '2', 'data/users/10001/5ad493090e20d_thumb.jpg', '', '', 'tiyu@weibo.com.cn', 'null', 0, 1),
(10002, 'taiwang', 'e10adc3949ba59abbe56e057f20f883e', '微博台网', 2, 1, 2, '8', 'data/users/10002/5ad4959786d52_thumb.jpg', '', '', 'taiwang@staff.weibo.com', 'null', 0, 2),
(10003, 'zhongrui', 'e10adc3949ba59abbe56e057f20f883e', '彭中睿', 0, 1, 1, 'null', 'data/users/10003/5ad4996384efd_thumb.jpg', '31002521', '17600198915', 'zhongrui@staff.weibo.com', 'null', 0, 1),
(10004, 'yanan35', 'e10adc3949ba59abbe56e057f20f883e', '樊亦楠', 0, 1, 1, 'null', 'null', '1297855243', '15248012074', 'yanan35@staff.weibo.com', 'null', 0, 2),
(10005, 'wb_wangze', 'e10adc3949ba59abbe56e057f20f883e', '王泽', 2, 0, 1, 'null', 'null', '363795490', '18911458723', 'wb_wangze@staff.sina.com.cn', 'null', 0, 5),
(10006, 'wb_xiaoting', 'e10adc3949ba59abbe56e057f20f883e', '肖婷', 2, 1, 1, 'null', 'null', '694877605', '17501081243', 'wb_xiaoting@staff.sina.com.cn', 'null', 1, 6),
(10007, 'yuetong5', 'fe88413c4a8d683b9d9a06e213a685bd', '岳彤', 0, 1, 1, 'null', 'data/users/10007/5b0293913f076_thumb.jpg', '648450816', '15600689589', 'yuetong5@staff.weibo.com', 'null', 0, 7),
(10008, 'wb_tianyan', 'e10adc3949ba59abbe56e057f20f883e', '张天妍', 2, 1, 1, 'null', 'null', '532264358', '13940497840', 'wb_tianyan@staff.sina.com.cn', 'null', 0, 8),
(10009, 'aixue', 'e10adc3949ba59abbe56e057f20f883e', '王爱学', 0, 1, 1, 'null', 'null', '184591361', '18701134720', 'aixue@staff.weibo.com', 'null', 0, 9),
(10010, 'konghao', 'e10adc3949ba59abbe56e057f20f883e', '孔浩', 2, 1, 1, 'null', 'null', '414901325', '17600118586', 'konghao@staff.weibo.com', 'null', 0, 10),
(10011, 'cuanwen', 'e10adc3949ba59abbe56e057f20f883e', '陈昕雯', 2, 0, 1, 'null', 'null', '1123957655', '17801077081', 'cuanwen@staff.weibo.com', 'null', 0, 11),
(10012, 'zhangwen7', 'e10adc3949ba59abbe56e057f20f883e', '张稳', 2, 1, 1, 'null', 'null', '836902271', '18710299054', 'zhangwen7@staff.weibo.com', 'null', 0, 12),
(10013, 'yalong3', 'e10adc3949ba59abbe56e057f20f883e', '刘亚龙', 2, 0, 1, 'null', 'null', '1174212306', '15210506244', 'yalong3@staff.weibo.com', 'null', 0, 13),
(10014, 'xiaolong22', 'e10adc3949ba59abbe56e057f20f883e', '毛小龙', 2, 1, 1, 'null', 'null', '776853054', '15069111237', 'xiaolong22@staff.weibo.com', 'null', 0, 14),
(10015, 'yuanyuan32', 'e10adc3949ba59abbe56e057f20f883e', '薛园园', 0, 1, 1, 'null', 'data/users/10015/5ad5dba84b5ae_thumb.jpg', '624179480', '15901204370', 'yuanyuan32@staff.weibo.com', 'null', 0, 15),
(10016, 'wb_yizhen', 'e10adc3949ba59abbe56e057f20f883e', '李易臻', 2, 1, 1, 'null', 'null', '2289710855', '15191849499', 'wb_yizhen@staff.sina.com.cn', 'null', 0, 16),
(10017, 'wb_chenli', 'e10adc3949ba59abbe56e057f20f883e', '陈丽至', 2, 1, 1, 'null', 'null', '409205943', '18636076770', 'wb_chenli@staff.sina.com.cn', 'null', 0, 18),
(10018, 'jieqin', 'e10adc3949ba59abbe56e057f20f883e', '杨洁骎', 2, 1, 1, 'null', 'null', '695654552', '13439212460', 'jieqin@staff.weibo.com', 'null', 0, 17),
(10019, 'yicheng5', 'e10adc3949ba59abbe56e057f20f883e', '叶益成', 0, 1, 1, 'null', 'null', '465815086', '18659116329', 'yicheng5@staff.weibo.com', 'null', 0, 4),
(10020, 'dongchao', 'e10adc3949ba59abbe56e057f20f883e', '李东超', 2, 0, 1, 'null', 'null', '1249096593', '18612138827', 'dongchao@staff.weibo.com', 'null', 0, 19),
(10021, 'guangming', 'e10adc3949ba59abbe56e057f20f883e', '杨光明', 0, 1, 1, 'null', 'null', '373701373', '17810335525', 'guangming@staff.weibo.com', 'null', 0, 24),
(10022, 'lixiang6', 'e10adc3949ba59abbe56e057f20f883e', '李响', 0, 1, 1, 'null', 'data/users/10022/5ad55a188b7f5_thumb.jpg', '46568781', '18601357892', 'lixiang6@staff.weibo.com', 'null', 0, 20),
(10023, 'shixi_lijuan3', 'e10adc3949ba59abbe56e057f20f883e', '殷丽娟', 2, 0, 1, 'null', 'null', '905386203', '17611662839', 'shixi_lijuan3@staff.sina.com.cn', 'null', 1, 21),
(10024, 'weibo_wulei', 'e10adc3949ba59abbe56e057f20f883e', '吴雷', 2, 0, 1, 'null', 'null', '664679495', '13511074024', 'weibo_wulei@staff.weibo.com', 'null', 0, 23),
(10025, 'wb_xiaotian', 'e10adc3949ba59abbe56e057f20f883e', '陈晓田', 2, 1, 1, 'null', 'null', '896991527', '17393138734', 'wb_xiaotian@staff.weibo.com', 'null', 1, 25),
(10026, 'qifan1', 'e10adc3949ba59abbe56e057f20f883e', '郑起凡', 2, 1, 1, 'null', 'null', '594721330', '15652957821', 'qifan1@staff.weibo.com', 'null', 0, 26),
(10027, 'chaohua', 'e10adc3949ba59abbe56e057f20f883e', '超话', 2, 1, 2, '10', 'data/users/10027/5b02810647b38_thumb.jpg', '', '', 'yanhua@staff.weibo.com', 'null', 0, 0),
(10028, 'weibo_mengxi', 'e10adc3949ba59abbe56e057f20f883e', '张梦溪', 2, 1, 1, 'null', 'null', '709453518', '13120364517', 'weibo_mengxi@staff.weibo.com', 'null', 0, 22),
(10029, 'weibo_anqi', 'e10adc3949ba59abbe56e057f20f883e', '赵安琪', 2, 1, 1, 'null', 'null', '511420129', '', 'weibo_anqi@staff.weibo.com', 'null', 1, 27),
(10030, 'shixi_chenyou', 'e10adc3949ba59abbe56e057f20f883e', '李晨幼', 2, 1, 1, 'null', 'null', '785552170', '-', 'shixi_chenyou@staff.weibo.com', 'null', 0, 28),
(10031, 'yuying9', 'e10adc3949ba59abbe56e057f20f883e', '赵钰莹', 2, 1, 1, 'null', 'null', '644258582', '-', 'yuying9@staff.weibo.com', 'null', 0, 29),
(10032, 'weibo_xiaoyu', 'e10adc3949ba59abbe56e057f20f883e', '卢晓宇', 2, 1, 1, 'null', 'null', '1049940870', '13051806922', 'weibo_xiaoyu@staff.weibo.com', 'null', 0, 30),
(10033, 'hailong12', 'e10adc3949ba59abbe56e057f20f883e', '丁海龙', 2, 1, 1, 'null', 'null', '972913468', '-', 'hailong12@staff.weibo.com', 'null', 0, 31);

-- --------------------------------------------------------

--
-- 表的结构 `workline`
--

CREATE TABLE `workline` (
  `id` int(11) NOT NULL,
  `name` varchar(100) NOT NULL,
  `sort` int(11) NOT NULL
) ENGINE=InnoDB DEFAULT CHARSET=utf8;

--
-- 转存表中的数据 `workline`
--

INSERT INTO `workline` (`id`, `name`, `sort`) VALUES
(2, '体育', 1),
(8, '台网', 2),
(9, 'BODC', 6),
(10, '超话', 3),
(11, '新鲜事', 5),
(12, '国际', 4);

--
-- Indexes for dumped tables
--

--
-- Indexes for table `columns`
--
ALTER TABLE `columns`
  ADD PRIMARY KEY (`id`);

--
-- Indexes for table `global`
--
ALTER TABLE `global`
  ADD PRIMARY KEY (`id`);

--
-- Indexes for table `projects`
--
ALTER TABLE `projects`
  ADD PRIMARY KEY (`id`);

--
-- Indexes for table `require_type`
--
ALTER TABLE `require_type`
  ADD PRIMARY KEY (`id`);

--
-- Indexes for table `users`
--
ALTER TABLE `users`
  ADD PRIMARY KEY (`uid`);

--
-- Indexes for table `workline`
--
ALTER TABLE `workline`
  ADD PRIMARY KEY (`id`);

--
-- 在导出的表使用AUTO_INCREMENT
--

--
-- 使用表AUTO_INCREMENT `columns`
--
ALTER TABLE `columns`
  MODIFY `id` int(11) NOT NULL AUTO_INCREMENT, AUTO_INCREMENT=42;

--
-- 使用表AUTO_INCREMENT `global`
--
ALTER TABLE `global`
  MODIFY `id` int(11) NOT NULL AUTO_INCREMENT, AUTO_INCREMENT=2;

--
-- 使用表AUTO_INCREMENT `projects`
--
ALTER TABLE `projects`
  MODIFY `id` int(11) NOT NULL AUTO_INCREMENT, AUTO_INCREMENT=335;

--
-- 使用表AUTO_INCREMENT `require_type`
--
ALTER TABLE `require_type`
  MODIFY `id` int(11) NOT NULL AUTO_INCREMENT, AUTO_INCREMENT=11;

--
-- 使用表AUTO_INCREMENT `users`
--
ALTER TABLE `users`
  MODIFY `uid` int(11) NOT NULL AUTO_INCREMENT, AUTO_INCREMENT=10034;

--
-- 使用表AUTO_INCREMENT `workline`
--
ALTER TABLE `workline`
  MODIFY `id` int(11) NOT NULL AUTO_INCREMENT, AUTO_INCREMENT=13;
COMMIT;

/*!40101 SET CHARACTER_SET_CLIENT=@OLD_CHARACTER_SET_CLIENT */;
/*!40101 SET CHARACTER_SET_RESULTS=@OLD_CHARACTER_SET_RESULTS */;
/*!40101 SET COLLATION_CONNECTION=@OLD_COLLATION_CONNECTION */;
